-- USER TABLE
Insert into Fall22_S001_5_user Values(1010, 'dwaynejohnson@gmail.com', 'Dwayne', 'Rock', 'Johnson', 12, to_date('1986-10-23','YYYY-MM-DD'));
Insert into Fall22_S001_5_user Values(1011, 'kevinhart@gmail.com', 'Kevin', '', 'Hart', 9, to_date('1988-11-24','YYYY-MM-DD'));
Insert into Fall22_S001_5_user Values(1012, 'johnstamos@gmail.com', 'John', 'H', 'Stamos', 10, to_date('1986-08-15','YYYY-MM-DD'));
Insert into Fall22_S001_5_user Values(1013, 'jefferydeniz@gmail.com', 'Jeffery', '', 'Dennis', 12, to_date('1990-10-01','YYYY-MM-DD'));
Insert into Fall22_S001_5_user Values(1014, 'scarletquintero@gmail.com', 'Scarlet', 'Rose', 'Quintero', 10, to_date('1976-05-15','YYYY-MM-DD'));
Insert into Fall22_S001_5_user Values(1015, 'menachem@gmail.com', 'Menachem', '', 'Huber', '5', to_date('2000-07-27','YYYY-MM-DD'));
Insert into Fall22_S001_5_user Values(1016, 'rafferty@gmail.com', 'Rafferty', ' ', 'Ireland', '9',to_date('2000-08-29','YYYY-MM-DD'));
Insert into Fall22_S001_5_user Values(1017, 'maia@gmail.com', 'Maia', ' ', 'Mccabe', '10',to_date('2004-06-03','YYYY-MM-DD'));
Insert into Fall22_S001_5_user Values(1018, 'madeline@gmail.com', 'Madeline', ' ', 'Markham', '5',to_date('2000-04-06','YYYY-MM-DD'));
Insert into Fall22_S001_5_user Values(1019, 'amman@gmail.com', 'Amman', ' ', 'Neale', '14',to_date('1996-05-03','YYYY-MM-DD'));
Insert into Fall22_S001_5_user Values(1020, 'maddie@gmail.com', 'Maddie', ' ', 'Campos', '9',to_date('2002-04-01','YYYY-MM-DD'));
Insert into Fall22_S001_5_user Values(1021, 'amiee@gmail.com', 'Amiee', ' ', 'Curry', '6',to_date('1997-06-02','YYYY-MM-DD'));
Insert into Fall22_S001_5_user Values(1022, 'seamus@gmail.com', 'Seamus', 'Isaac', 'Frey', '5', to_date('1998-05-04','YYYY-MM-DD'));
Insert into Fall22_S001_5_user Values(1023, 'eoghan@gmail.com', 'Eoghan', ' ', 'Mosley', '7',to_date('1996-08-24','YYYY-MM-DD'));
Insert into Fall22_S001_5_user Values(1024, 'cathal@gmail.com', 'Cathal', ' ', 'James', '7',to_date('2002-07-10','YYYY-MM-DD'));
Insert into Fall22_S001_5_user Values(1025, 'sarina@gmail.com', 'Sarina', 'Noah', 'Blevins', '12', to_date('2002-03-08','YYYY-MM-DD'));
Insert into Fall22_S001_5_user Values(1026, 'olaf@gmail.com', 'Olaf', ' ', 'Perkins', '12',to_date('2003-04-13','YYYY-MM-DD'));
Insert into Fall22_S001_5_user Values(1027, 'ranveer@gmail.com', 'Ranveer', ' ', 'Rios', '5',to_date('2001-05-27','YYYY-MM-DD'));
Insert into Fall22_S001_5_user Values(1028, 'caolan@gmail.com', 'Caolan', 'Isaac', 'Meyer', '8', to_date('2004-04-12','YYYY-MM-DD'));
Insert into Fall22_S001_5_user Values(1029, 'amit@gmail.com', 'Amit', ' ', 'Mcneil', '6',to_date('1996-03-31','YYYY-MM-DD'));
Insert into Fall22_S001_5_user Values(1030, 'iqra@gmail.com', 'Iqra', ' ', 'Silva', '6',to_date('2002-11-13','YYYY-MM-DD'));
Insert into Fall22_S001_5_user Values(1031, 'magdalena@gmail.com', 'Magdalena', ' ', 'Black', '5',to_date('1998-06-27','YYYY-MM-DD'));
Insert into Fall22_S001_5_user Values(1032, 'ophelia@gmail.com', 'Ophelia', ' ', 'Halliday', '14',to_date('1997-12-15','YYYY-MM-DD'));
Insert into Fall22_S001_5_user Values(1033, 'aubree@gmail.com', 'Aubree', ' ', 'Bostock', '12',to_date('2004-04-25','YYYY-MM-DD'));
Insert into Fall22_S001_5_user Values(1034, 'deniz@gmail.com', 'Deniz', 'Leo', 'Jeffery', '10', to_date('1995-03-30','YYYY-MM-DD'));
Insert into Fall22_S001_5_user Values(1035, 'anayah@gmail.com', 'Anayah', ' ', 'Moore', '10',to_date('1996-05-23','YYYY-MM-DD'));
Insert into Fall22_S001_5_user Values(1036, 'eliza@gmail.com', 'Eliza', 'Carter', 'Levy', '9', to_date('2004-07-07','YYYY-MM-DD'));
Insert into Fall22_S001_5_user Values(1037, 'derek@gmail.com', 'Derek', ' ', 'Blackwell', '8',to_date('1995-03-08','YYYY-MM-DD'));
Insert into Fall22_S001_5_user Values(1038, 'ricardo@gmail.com', 'Ricardo', ' ', 'Wong', '13',to_date('1996-08-12','YYYY-MM-DD'));
Insert into Fall22_S001_5_user Values(1039, 'khloe@gmail.com', 'Khloe', ' ', 'Leblanc', '14',to_date('1995-06-26','YYYY-MM-DD'));
Insert into Fall22_S001_5_user Values(1040, 'abigayle@gmail.com', 'Abigayle', ' ', 'Jensen', '6',to_date('1998-10-09','YYYY-MM-DD'));
Insert into Fall22_S001_5_user Values(1041, 'blane@gmail.com', 'Blane', ' ', 'Coates', '8',to_date('2004-08-21','YYYY-MM-DD'));
Insert into Fall22_S001_5_user Values(1042, 'zaine@gmail.com', 'Zaine', 'Luke', 'Buchanan', '8', to_date('1995-09-12','YYYY-MM-DD'));
Insert into Fall22_S001_5_user Values(1043, 'ria@gmail.com', 'Ria', ' ', 'Barajas', '14',to_date('1995-06-06','YYYY-MM-DD'));
Insert into Fall22_S001_5_user Values(1044, 'ayyub@gmail.com', 'Ayyub', ' ', 'Mccoy', '5',to_date('2002-12-25','YYYY-MM-DD'));
Insert into Fall22_S001_5_user Values(1045, 'haseeb@gmail.com', 'Haseeb', 'Luda', 'Wickens', '12', to_date('2002-02-07','YYYY-MM-DD'));
Insert into Fall22_S001_5_user Values(1046, 'faizah@gmail.com', 'Faizah', ' ', 'Duggan', '9',to_date('2003-07-05','YYYY-MM-DD'));
Insert into Fall22_S001_5_user Values(1047, 'kain@gmail.com', 'Kain', ' ', 'Hanna', '6',to_date('1999-12-10','YYYY-MM-DD'));
Insert into Fall22_S001_5_user Values(1048, 'scarlet@gmail.com', 'Scarlet', ' ', 'Quintero', '11',to_date('1997-03-31','YYYY-MM-DD'));
Insert into Fall22_S001_5_user Values(1049, 'tarik@gmail.com', 'Tarik', 'Carter', 'Levine', '9', to_date('2004-10-28','YYYY-MM-DD'));
Insert into Fall22_S001_5_user Values(1050, 'savanna@gmail.com', 'Savanna', ' ', 'Leal', '12',to_date('2003-05-18','YYYY-MM-DD'));
Insert into Fall22_S001_5_user Values(1051, 'lottie@gmail.com', 'Lottie', ' ', 'Rangel', '7',to_date('1995-05-14','YYYY-MM-DD'));
Insert into Fall22_S001_5_user Values(1052, 'jaspal@gmail.com', 'Jaspal', ' ', 'Randolph', '10',to_date('2004-01-05','YYYY-MM-DD'));
Insert into Fall22_S001_5_user Values(1053, 'farhaan@gmail.com', 'Farhaan', 'Luke', 'Mcfadden', '14', to_date('1996-02-15','YYYY-MM-DD'));
Insert into Fall22_S001_5_user Values(1054, 'brandon@gmail.com', 'Brandon', ' ', 'Kramer', '9',to_date('2000-07-10','YYYY-MM-DD'));
Insert into Fall22_S001_5_user Values(1055, 'taylan@gmail.com', 'Taylan', 'Luda', 'Kaufman', '6', to_date('1997-04-04','YYYY-MM-DD'));
Insert into Fall22_S001_5_user Values(1056, 'sabiha@gmail.com', 'Sabiha', ' ', 'Gilmore', '14',to_date('2003-09-28','YYYY-MM-DD'));
Insert into Fall22_S001_5_user Values(1057, 'mahima@gmail.com', 'Mahima', ' ', 'Archer', '14',to_date('2000-10-07','YYYY-MM-DD'));
Insert into Fall22_S001_5_user Values(1058, 'britany@gmail.com', 'Britany', 'Akari', 'Gibbs', '9', to_date('2004-09-27','YYYY-MM-DD'));
Insert into Fall22_S001_5_user Values(1059, 'audrey@gmail.com', 'Audrey', ' ', 'Singleton', '14',to_date('1998-06-23','YYYY-MM-DD'));
Insert into Fall22_S001_5_user Values(1060, 'kaison@gmail.com', 'Kaison', 'Akari', 'Brennan', '12', to_date('2000-11-13','YYYY-MM-DD'));
Insert into Fall22_S001_5_user Values(1061, 'akeem@gmail.com', 'Akeem', ' ', 'Alcock', '5',to_date('1998-04-25','YYYY-MM-DD'));
Insert into Fall22_S001_5_user Values(1062, 'lulu@gmail.com', 'Lulu', ' ', 'Bradley', '6',to_date('1995-12-13','YYYY-MM-DD'));
Insert into Fall22_S001_5_user Values(1063, 'haroon@gmail.com', 'Haroon', ' ', 'Lovell', '10',to_date('2001-11-06','YYYY-MM-DD'));
Insert into Fall22_S001_5_user Values(1064, 'liam@gmail.com', 'Liam', ' ', 'Smith', '7',to_date('1999-03-29','YYYY-MM-DD'));
Insert into Fall22_S001_5_user Values(1065, 'anthony@gmail.com', 'Anthony', ' ', 'Miller', '9',to_date('2005-08-25','YYYY-MM-DD'));
Insert into Fall22_S001_5_user Values(1066, 'jacob@gmail.com', 'Jacob', ' ', 'Jones', '11',to_date('2006-02-19','YYYY-MM-DD'));
Insert into Fall22_S001_5_user Values(1067, 'emily@gmail.com', 'Emily', ' ', 'Johnson', '7',to_date('1997-01-20','YYYY-MM-DD'));
Insert into Fall22_S001_5_user Values(1068, 'joseph@gmail.com', 'Joseph', ' ', 'Davis', '12',to_date('1995-01-12','YYYY-MM-DD'));
Insert into Fall22_S001_5_user Values(1069, 'jack@gmail.com', 'Jack', ' ', 'Anderson', '9',to_date('2002-10-24','YYYY-MM-DD'));
Insert into Fall22_S001_5_user Values(1070, 'ava@gmail.com', 'Ava', ' ', 'Thomas', '8',to_date('2001-01-01','YYYY-MM-DD'));
Insert into Fall22_S001_5_user Values(1071, 'oliver@gmail.com', 'Oliver', ' ', 'Williams', '12',to_date('1996-08-20','YYYY-MM-DD'));
Insert into Fall22_S001_5_user Values(1072, 'michael@gmail.com', 'Michael', ' ', 'Taylor', '7',to_date('2003-09-12','YYYY-MM-DD'));
Insert into Fall22_S001_5_user Values(1073, 'david@gmail.com', 'David', ' ', 'Jackson', '9',to_date('2001-10-23','YYYY-MM-DD'));
Insert into Fall22_S001_5_user Values(1074, 'john@gmail.com', 'John', ' ', 'Wilson', '11',to_date('1995-02-22','YYYY-MM-DD'));
Insert into Fall22_S001_5_user Values(1075, 'garcia@gmail.com', 'Garcia', ' ', 'Kaur', '10',to_date('2008-01-11','YYYY-MM-DD'));
Insert into Fall22_S001_5_user Values(1076, 'benjamin@gmail.com', 'Benjamin', ' ', 'Harris', '9',to_date('2003-05-22','YYYY-MM-DD'));
Insert into Fall22_S001_5_user Values(1077, 'elizabeth@gmail.com', 'Elizabeth', ' ', 'Thompson', '10',to_date('1997-03-12','YYYY-MM-DD'));
Insert into Fall22_S001_5_user Values(1078, 'henry@gmail.com', 'Henry', ' ', 'Lee', '12',to_date('1998-06-12','YYYY-MM-DD'));
Insert into Fall22_S001_5_user Values(1079, 'emma@gmail.com', 'Emma', ' ', 'Allen', '8',to_date('2000-08-22','YYYY-MM-DD'));
Insert into Fall22_S001_5_user Values(1080, 'noah@gmail.com', 'Noah', ' ', 'Walker', '10',to_date('2003-11-12','YYYY-MM-DD'));
Insert into Fall22_S001_5_user Values(1081, 'william@gmail.com', 'William', ' ', 'Carter', '9',to_date('2009-06-22','YYYY-MM-DD'));
Insert into Fall22_S001_5_user Values(1082, 'james@gmail.com', 'James', ' ', 'Lewis', '11',to_date('2000-08-12','YYYY-MM-DD'));

-- USER ADDRESS TABLE
Insert into Fall22_S001_5_userAddress Values(1010, 1521, 'Arlington', 'Texas', 'Home', '819 Bering Dr', 76013);
Insert into Fall22_S001_5_userAddress Values(1011, 15, 'Albany', 'New York', 'Home', '123 Rodeo Dr', 12207);
Insert into Fall22_S001_5_userAddress Values(1012, 21, 'Austin', 'Texas', 'Office', '14 Featherway', 78701);
Insert into Fall22_S001_5_userAddress Values(1013, 178, 'Hartford', 'Conneticut', 'Office', '12 Binge Ave', 06103);
Insert into Fall22_S001_5_userAddress Values(1014, 2122, 'Lansing', 'Michigan', 'Home', '212 South St', 48933);
Insert into Fall22_S001_5_userAddress Values(1015, 222, 'Annapolis', 'Maryland', 'Home', '202 West St', 48913);
Insert into Fall22_S001_5_userAddress Values(1016, 2226, 'Atlanta', 'Georgia', 'Office', '123 South St', 48253);
Insert into Fall22_S001_5_userAddress Values(1017, 16, 'Augusta', 'Maine', 'Home', '126 East St', 49253);
Insert into Fall22_S001_5_userAddress Values(1018, 196, 'Austin', 'Texas', 'Home', '126 Cooper St', 78701);
Insert into Fall22_S001_5_userAddress Values(1019, 1896, 'Baton Rouge', 'Louisiana', 'Home', '126  North Cooper St', 70802);
Insert into Fall22_S001_5_userAddress Values(1020, 66, 'Bismarck', 'North Dakota', 'Home', '26 Mitchel St', 58501);
Insert into Fall22_S001_5_userAddress Values(1021, 616, 'Boise', 'Idaho', 'Home', '216 Mitchel St', 83702);
Insert into Fall22_S001_5_userAddress Values(1022, 606, 'Boston', 'Massachusetts', 'Home', '216 Bering Dr', 02201);
Insert into Fall22_S001_5_userAddress Values(1023, 1, 'Carson City', 'Nevada', 'Office', '144 Mckenny Ave', 02267);
Insert into Fall22_S001_5_userAddress Values(1024, 12, 'Charleston', 'West Virginia', 'Home', '104 Mckenny Ave', 02167);
Insert into Fall22_S001_5_userAddress Values(1025, 123, 'Cheyenne', 'West Virginia', 'Home', '104 Heatherway St', 82001);
Insert into Fall22_S001_5_userAddress Values(1026, 1213, 'Columbia', 'South Carolina', 'Office', '124 Abramali St', 82601);
Insert into Fall22_S001_5_userAddress Values(1027, 1123, 'Columbus', 'Ohio', 'Office', '194 Mitchell Cir', 43215);
Insert into Fall22_S001_5_userAddress Values(1028, 103, 'Concurd', 'New Hampshire', 'Office', '184 Mitchell Cir', 03301);
Insert into Fall22_S001_5_userAddress Values(1029, 31, 'Denver', 'Colorado', 'Office', '114 Addison Cir', 80202);
Insert into Fall22_S001_5_userAddress Values(1030, 311, 'Des Moines', 'Iowa', 'Home', '143 Apollo Dr', 50309);
Insert into Fall22_S001_5_userAddress Values(1031, 10, 'Dover', 'Delaware', 'Home', '103 Apollo Dr', 19901);
Insert into Fall22_S001_5_userAddress Values(1032, 19, 'Frankfort', 'Kentucky', 'Office', '113 Aberdeen Dr', 40601);
Insert into Fall22_S001_5_userAddress Values(1033, 1338, 'Harrisburg', 'Pennsylvania', 'Home', '144 Arrowhead Dr', 17101);
Insert into Fall22_S001_5_userAddress Values(1034, 1339, 'Hartford', 'Conneticut', 'Home', '113 Addison Road', 06103);
Insert into Fall22_S001_5_userAddress Values(1035, 3181, 'Helena', 'Montana', 'Home', '453 Apollo Dr', 59623);
Insert into Fall22_S001_5_userAddress Values(1036, 1521, 'Arlington', 'Texas', 'Home', '806 Bering Dr', 76013);
Insert into Fall22_S001_5_userAddress Values(1037, 1121, 'Honolulu', 'Hawaii', 'Home', '183 Abrams Road', 96813);
Insert into Fall22_S001_5_userAddress Values(1038, 707, 'Indianapolis', 'Indiana', 'Home', '207 Apollo Dr', 46225);
Insert into Fall22_S001_5_userAddress Values(1039, 311, 'Jackson', 'Mississipi', 'Home', '143 Angelina Dr', 39205);
Insert into Fall22_S001_5_userAddress Values(1040, 3141, 'Des Moines', 'Iowa', 'Home', '143 Apollo Dr', 50309);
Insert into Fall22_S001_5_userAddress Values(1041, 711, 'Trenton', 'New Jersey', 'Home', '673 Arrowhead Dr', 08608);
Insert into Fall22_S001_5_userAddress Values(1042, 801, 'Tallahasse', 'Florida', 'Home', '113 Aberdeen Dr', 50319);
Insert into Fall22_S001_5_userAddress Values(1043, 311, 'Providence', 'Rhode Island', 'Office', '623 Arapaho Dr', 02903);
Insert into Fall22_S001_5_userAddress Values(1044, 1311, 'Nashville', 'Tennessee', 'Office', '806 Mile Rd', 53703);
Insert into Fall22_S001_5_userAddress Values(1045, 707, 'Sacramento', 'California', 'Home', '145 Boyington Dr', 95814);
Insert into Fall22_S001_5_userAddress Values(1046, 704, 'Phoenix', 'Arizona', 'Home', '223 Bruton Rd', 73102);
Insert into Fall22_S001_5_userAddress Values(1047, 311, 'Salem', 'Oregon', 'Home', '723 Boye St', 84111);
Insert into Fall22_S001_5_userAddress Values(1048, 311, 'Topeka', 'Kansas', 'Office', '143 Ace Ln', 95814);
Insert into Fall22_S001_5_userAddress Values(1049, 311, 'Richmond', 'Virginia', 'Home', '163 Bruton Dr', 51309);
Insert into Fall22_S001_5_userAddress Values(1050, 771, 'Linclon', 'Nebraska', 'Home', '103 Bruton Hill Rd', 96789);
Insert into Fall22_S001_5_userAddress Values(1051, 05, 'Topeka', 'Kansas', 'Office', '113 Addison Rd', 96799);
Insert into Fall22_S001_5_userAddress Values(1052, 111, 'Austin', 'Texas', 'Home', '103 Cooper Rd', 76853);
Insert into Fall22_S001_5_userAddress Values(1053, 110, 'San Antonio', 'Texas', 'Home', '207 Mitchell Cir', 96499);
Insert into Fall22_S001_5_userAddress Values(1054, 122, 'Arlington', 'Texas', 'Home', '806 Bering Drive', 76013);
Insert into Fall22_S001_5_userAddress Values(1055, 581, 'San Jose', 'Caifornia', 'Office', 'Mckenny Ave', 96709);
Insert into Fall22_S001_5_userAddress Values(1056, 977, 'Los Angeles', 'California', 'Home', '103 Bunker Hill Rd', 75499);
Insert into Fall22_S001_5_userAddress Values(1057, 711, 'Dallas', 'Texas', 'Home', '113 Abhramali Rd', 90299);
Insert into Fall22_S001_5_userAddress Values(1058, 187, 'Helena', 'Montana', 'Home', '801 North Cooper Dr', 96712);
Insert into Fall22_S001_5_userAddress Values(1059, 632, 'Phoenix', 'Arizona', 'Office', '512 Bruton Rd', 96709);
Insert into Fall22_S001_5_userAddress Values(1060, 963, 'Denver', 'Colorado', 'Home', '103 Bunker Hill Rd', 96799);
Insert into Fall22_S001_5_userAddress Values(1061, 715, 'Columbus', 'Ohio', 'Home', '141 Mckenny Dr', 96799);
Insert into Fall22_S001_5_userAddress Values(1062, 789, 'Bismark', 'North Dakota', 'Home', '103 Bunker Hill Rd', 96799);
Insert into Fall22_S001_5_userAddress Values(1063, 214, 'Boise', 'Idaho', 'Home', '854 Bunker Hill Rd', 96799);
Insert into Fall22_S001_5_userAddress Values(1064, 9717, 'Dover', 'Delaware', 'Home', '845 Bunker Hill Rd', 96799);
Insert into Fall22_S001_5_userAddress Values(1065, 1871, 'Trenton', 'New Jersey', 'Office', '642 Bunker Hill Rd', 96799);
Insert into Fall22_S001_5_userAddress Values(1066, 4710, 'Augusta', 'Maine', 'Home', '854 Bunker Dr', 96799);
Insert into Fall22_S001_5_userAddress Values(1067, 1527, 'Salt Lake City', 'Utah', 'Office', '784 Bunker Rd', 96799);
Insert into Fall22_S001_5_userAddress Values(1068, 841, 'Richmond', 'Virginia', 'Home', '806 Apollo Rd', 96799);
Insert into Fall22_S001_5_userAddress Values(1069, 9171, 'Santa Fe', 'New Mexico', 'Home', '820 Bering Dr', 96799);
Insert into Fall22_S001_5_userAddress Values(1070, 1841, 'Springfield', 'Illinois', 'Home', '854 Abrams Hill Rd', 96799);
Insert into Fall22_S001_5_userAddress Values(1071, 101, 'Linclon', 'Nebraska', 'Office', '103 Bunker Hill Rd', 96799);
Insert into Fall22_S001_5_userAddress Values(1072, 210, 'Arlington', 'Texas', 'Home', '145 South Cooper Rd', 96799);
Insert into Fall22_S001_5_userAddress Values(1073, 626, 'Austin', 'Texas', 'Office', '103 Bunker Hill Rd', 96799);
Insert into Fall22_S001_5_userAddress Values(1074, 666, 'Charleston', 'West Virginia', 'Home', '103 Bunker Hill Rd', 96799);
Insert into Fall22_S001_5_userAddress Values(1075, 145, 'Frankfort', 'Kentucky', 'Home', '103 Bunker Hill Rd', 96799);
Insert into Fall22_S001_5_userAddress Values(1076, 8415, 'Baton Rouge', 'Louisiana', 'Home', '103 Bunker Hill Rd', 96799);
Insert into Fall22_S001_5_userAddress Values(1077, 512, 'Carson City', 'Nevada', 'Home', '103 Bunker Hill Rd', 96799);
Insert into Fall22_S001_5_userAddress Values(1078, 8412, 'Albany', 'New York', 'Office', '103 Bunker Hill Rd', 96799);
Insert into Fall22_S001_5_userAddress Values(1079, 120, 'Atlanta', 'Georgia', 'Home', '103 Bunker Hill Rd', 96799);
Insert into Fall22_S001_5_userAddress Values(1080, 752, 'Boise', 'Idaho', 'Office', '103 Bunker Hill Rd', 96799);
Insert into Fall22_S001_5_userAddress Values(1081, 8411, 'Des Moines', 'Iowa', 'Home', '103 Bunker Hill Rd', 96799);
Insert into Fall22_S001_5_userAddress Values(1082, 4569, 'Washington', 'District of Columbia', 'Office', '103 Bunker Hill Rd', 96799);

-- SELLER TABLE
Insert into Fall22_S001_5_seller Values(1010, 'dwaynejohnson@gmail.com', 'Dwayne', 'Rock', 'Johnson', 12, to_date('1986-10-23','YYYY-MM-DD'));
Insert into Fall22_S001_5_seller Values(1011, 'kevinhart@gmail.com', 'Kevin', '', 'Hart', 9, to_date('1988-11-24','YYYY-MM-DD'));
Insert into Fall22_S001_5_seller Values(1012, 'johnstamos@gmail.com', 'John', 'H', 'Stamos', 10, to_date('1986-08-15','YYYY-MM-DD'));
Insert into Fall22_S001_5_seller Values(1013, 'jefferydeniz@gmail.com', 'Jeffery', '', 'Dennis', 12, to_date('1990-10-01','YYYY-MM-DD'));
Insert into Fall22_S001_5_seller Values(1014, 'scarletquintero@gmail.com', 'Scarlet', 'Rose', 'Quintero', 10, to_date('1976-05-15','YYYY-MM-DD'));
Insert into Fall22_S001_5_seller Values(1015, 'menachem@gmail.com', 'Menachem', '', 'Huber', '5', to_date('2000-07-27','YYYY-MM-DD'));
Insert into Fall22_S001_5_seller Values(1016, 'rafferty@gmail.com', 'Rafferty', ' ', 'Ireland', '9',to_date('2000-08-29','YYYY-MM-DD'));
Insert into Fall22_S001_5_seller Values(1017, 'maia@gmail.com', 'Maia', ' ', 'Mccabe', '10',to_date('2004-06-03','YYYY-MM-DD'));
Insert into Fall22_S001_5_seller Values(1018, 'madeline@gmail.com', 'Madeline', ' ', 'Markham', '5',to_date('2000-04-06','YYYY-MM-DD'));
Insert into Fall22_S001_5_seller Values(1019, 'amman@gmail.com', 'Amman', ' ', 'Neale', '14',to_date('1996-05-03','YYYY-MM-DD'));
Insert into Fall22_S001_5_seller Values(1020, 'maddie@gmail.com', 'Maddie', ' ', 'Campos', '9',to_date('2002-04-01','YYYY-MM-DD'));
Insert into Fall22_S001_5_seller Values(1021, 'amiee@gmail.com', 'Amiee', ' ', 'Curry', '6',to_date('1997-06-02','YYYY-MM-DD'));
Insert into Fall22_S001_5_seller Values(1022, 'seamus@gmail.com', 'Seamus', 'Isaac', 'Frey', '5', to_date('1998-05-04','YYYY-MM-DD'));
Insert into Fall22_S001_5_seller Values(1023, 'eoghan@gmail.com', 'Eoghan', ' ', 'Mosley', '7',to_date('1996-08-24','YYYY-MM-DD'));
Insert into Fall22_S001_5_seller Values(1024, 'cathal@gmail.com', 'Cathal', ' ', 'James', '7',to_date('2002-07-10','YYYY-MM-DD'));
Insert into Fall22_S001_5_seller Values(1025, 'sarina@gmail.com', 'Sarina', 'Noah', 'Blevins', '12', to_date('2002-03-08','YYYY-MM-DD'));
Insert into Fall22_S001_5_seller Values(1026, 'olaf@gmail.com', 'Olaf', ' ', 'Perkins', '12',to_date('2003-04-13','YYYY-MM-DD'));
Insert into Fall22_S001_5_seller Values(1027, 'ranveer@gmail.com', 'Ranveer', ' ', 'Rios', '5',to_date('2001-05-27','YYYY-MM-DD'));
Insert into Fall22_S001_5_seller Values(1028, 'caolan@gmail.com', 'Caolan', 'Isaac', 'Meyer', '8', to_date('2004-04-12','YYYY-MM-DD'));
Insert into Fall22_S001_5_seller Values(1029, 'amit@gmail.com', 'Amit', ' ', 'Mcneil', '6',to_date('1996-03-31','YYYY-MM-DD'));
Insert into Fall22_S001_5_seller Values(1030, 'iqra@gmail.com', 'Iqra', ' ', 'Silva', '6',to_date('2002-11-13','YYYY-MM-DD'));
Insert into Fall22_S001_5_seller Values(1031, 'magdalena@gmail.com', 'Magdalena', ' ', 'Black', '5',to_date('1998-06-27','YYYY-MM-DD'));
Insert into Fall22_S001_5_seller Values(1032, 'ophelia@gmail.com', 'Ophelia', ' ', 'Halliday', '14',to_date('1997-12-15','YYYY-MM-DD'));
Insert into Fall22_S001_5_seller Values(1033, 'aubree@gmail.com', 'Aubree', ' ', 'Bostock', '12',to_date('2004-04-25','YYYY-MM-DD'));
Insert into Fall22_S001_5_seller Values(1034, 'deniz@gmail.com', 'Deniz', 'Leo', 'Jeffery', '10', to_date('1995-03-30','YYYY-MM-DD'));
Insert into Fall22_S001_5_seller Values(1035, 'anayah@gmail.com', 'Anayah', ' ', 'Moore', '10',to_date('1996-05-23','YYYY-MM-DD'));
Insert into Fall22_S001_5_seller Values(1036, 'eliza@gmail.com', 'Eliza', 'Carter', 'Levy', '9', to_date('2004-07-07','YYYY-MM-DD'));
Insert into Fall22_S001_5_seller Values(1037, 'derek@gmail.com', 'Derek', ' ', 'Blackwell', '8',to_date('1995-03-08','YYYY-MM-DD'));
Insert into Fall22_S001_5_seller Values(1038, 'ricardo@gmail.com', 'Ricardo', ' ', 'Wong', '13',to_date('1996-08-12','YYYY-MM-DD'));
Insert into Fall22_S001_5_seller Values(1039, 'khloe@gmail.com', 'Khloe', ' ', 'Leblanc', '14',to_date('1995-06-26','YYYY-MM-DD'));
Insert into Fall22_S001_5_seller Values(1040, 'abigayle@gmail.com', 'Abigayle', ' ', 'Jensen', '6',to_date('1998-10-09','YYYY-MM-DD'));
Insert into Fall22_S001_5_seller Values(1041, 'blane@gmail.com', 'Blane', ' ', 'Coates', '8',to_date('2004-08-21','YYYY-MM-DD'));
Insert into Fall22_S001_5_seller Values(1042, 'zaine@gmail.com', 'Zaine', 'Luke', 'Buchanan', '8', to_date('1995-09-12','YYYY-MM-DD'));
Insert into Fall22_S001_5_seller Values(1043, 'ria@gmail.com', 'Ria', ' ', 'Barajas', '14',to_date('1995-06-06','YYYY-MM-DD'));
Insert into Fall22_S001_5_seller Values(1044, 'ayyub@gmail.com', 'Ayyub', ' ', 'Mccoy', '5',to_date('2002-12-25','YYYY-MM-DD'));
Insert into Fall22_S001_5_seller Values(1045, 'haseeb@gmail.com', 'Haseeb', 'Luda', 'Wickens', '12', to_date('2002-02-07','YYYY-MM-DD'));
Insert into Fall22_S001_5_seller Values(1046, 'faizah@gmail.com', 'Faizah', ' ', 'Duggan', '9',to_date('2003-07-05','YYYY-MM-DD'));
Insert into Fall22_S001_5_seller Values(1047, 'kain@gmail.com', 'Kain', ' ', 'Hanna', '6',to_date('1999-12-10','YYYY-MM-DD'));
Insert into Fall22_S001_5_seller Values(1048, 'scarlet@gmail.com', 'Scarlet', ' ', 'Quintero', '11',to_date('1997-03-31','YYYY-MM-DD'));
Insert into Fall22_S001_5_seller Values(1049, 'tarik@gmail.com', 'Tarik', 'Carter', 'Levine', '9', to_date('2004-10-28','YYYY-MM-DD'));
Insert into Fall22_S001_5_seller Values(1050, 'savanna@gmail.com', 'Savanna', ' ', 'Leal', '12',to_date('2003-05-18','YYYY-MM-DD'));
Insert into Fall22_S001_5_seller Values(1051, 'lottie@gmail.com', 'Lottie', ' ', 'Rangel', '7',to_date('1995-05-14','YYYY-MM-DD'));
Insert into Fall22_S001_5_seller Values(1052, 'jaspal@gmail.com', 'Jaspal', ' ', 'Randolph', '10',to_date('2004-01-05','YYYY-MM-DD'));
Insert into Fall22_S001_5_seller Values(1053, 'farhaan@gmail.com', 'Farhaan', 'Luke', 'Mcfadden', '14', to_date('1996-02-15','YYYY-MM-DD'));
Insert into Fall22_S001_5_seller Values(1054, 'brandon@gmail.com', 'Brandon', ' ', 'Kramer', '9',to_date('2000-07-10','YYYY-MM-DD'));
Insert into Fall22_S001_5_seller Values(1055, 'taylan@gmail.com', 'Taylan', 'Luda', 'Kaufman', '6', to_date('1997-04-04','YYYY-MM-DD'));
Insert into Fall22_S001_5_seller Values(1056, 'sabiha@gmail.com', 'Sabiha', ' ', 'Gilmore', '14',to_date('2003-09-28','YYYY-MM-DD'));
Insert into Fall22_S001_5_seller Values(1057, 'mahima@gmail.com', 'Mahima', ' ', 'Archer', '14',to_date('2000-10-07','YYYY-MM-DD'));
Insert into Fall22_S001_5_seller Values(1058, 'britany@gmail.com', 'Britany', 'Akari', 'Gibbs', '9', to_date('2004-09-27','YYYY-MM-DD'));
Insert into Fall22_S001_5_seller Values(1059, 'audrey@gmail.com', 'Audrey', ' ', 'Singleton', '14',to_date('1998-06-23','YYYY-MM-DD'));
Insert into Fall22_S001_5_seller Values(1060, 'kaison@gmail.com', 'Kaison', 'Akari', 'Brennan', '12', to_date('2000-11-13','YYYY-MM-DD'));
Insert into Fall22_S001_5_seller Values(1061, 'akeem@gmail.com', 'Akeem', ' ', 'Alcock', '5',to_date('1998-04-25','YYYY-MM-DD'));
Insert into Fall22_S001_5_seller Values(1062, 'lulu@gmail.com', 'Lulu', ' ', 'Bradley', '6',to_date('1995-12-13','YYYY-MM-DD'));
Insert into Fall22_S001_5_seller Values(1063, 'haroon@gmail.com', 'Haroon', ' ', 'Lovell', '10',to_date('2001-11-06','YYYY-MM-DD'));
Insert into Fall22_S001_5_seller Values(1064, 'liam@gmail.com', 'Liam', ' ', 'Smith', '7',to_date('1999-03-29','YYYY-MM-DD'));
Insert into Fall22_S001_5_seller Values(1065, 'anthony@gmail.com', 'Anthony', ' ', 'Miller', '9',to_date('2005-08-25','YYYY-MM-DD'));
Insert into Fall22_S001_5_seller Values(1066, 'jacob@gmail.com', 'Jacob', ' ', 'Jones', '11',to_date('2006-02-19','YYYY-MM-DD'));
Insert into Fall22_S001_5_seller Values(1067, 'emily@gmail.com', 'Emily', ' ', 'Johnson', '7',to_date('1997-01-20','YYYY-MM-DD'));
Insert into Fall22_S001_5_seller Values(1068, 'joseph@gmail.com', 'Joseph', ' ', 'Davis', '12',to_date('1995-01-12','YYYY-MM-DD'));
Insert into Fall22_S001_5_seller Values(1069, 'jack@gmail.com', 'Jack', ' ', 'Anderson', '9',to_date('2002-10-24','YYYY-MM-DD'));
Insert into Fall22_S001_5_seller Values(1070, 'ava@gmail.com', 'Ava', ' ', 'Thomas', '8',to_date('2001-01-01','YYYY-MM-DD'));
Insert into Fall22_S001_5_seller Values(1071, 'oliver@gmail.com', 'Oliver', ' ', 'Williams', '12',to_date('1996-08-20','YYYY-MM-DD'));
Insert into Fall22_S001_5_seller Values(1072, 'michael@gmail.com', 'Michael', ' ', 'Taylor', '7',to_date('2003-09-12','YYYY-MM-DD'));
Insert into Fall22_S001_5_seller Values(1073, 'david@gmail.com', 'David', ' ', 'Jackson', '9',to_date('2001-10-23','YYYY-MM-DD'));
Insert into Fall22_S001_5_seller Values(1074, 'john@gmail.com', 'John', ' ', 'Wilson', '11',to_date('1995-02-22','YYYY-MM-DD'));
Insert into Fall22_S001_5_seller Values(1075, 'garcia@gmail.com', 'Garcia', ' ', 'Kaur', '10',to_date('2008-01-11','YYYY-MM-DD'));
Insert into Fall22_S001_5_seller Values(1076, 'benjamin@gmail.com', 'Benjamin', ' ', 'Harris', '9',to_date('2003-05-22','YYYY-MM-DD'));
Insert into Fall22_S001_5_seller Values(1077, 'elizabeth@gmail.com', 'Elizabeth', ' ', 'Thompson', '10',to_date('1997-03-12','YYYY-MM-DD'));
Insert into Fall22_S001_5_seller Values(1078, 'henry@gmail.com', 'Henry', ' ', 'Lee', '12',to_date('1998-06-12','YYYY-MM-DD'));
Insert into Fall22_S001_5_seller Values(1079, 'emma@gmail.com', 'Emma', ' ', 'Allen', '8',to_date('2000-08-22','YYYY-MM-DD'));
Insert into Fall22_S001_5_seller Values(1080, 'noah@gmail.com', 'Noah', ' ', 'Walker', '10',to_date('2003-11-12','YYYY-MM-DD'));
Insert into Fall22_S001_5_seller Values(1081, 'william@gmail.com', 'William', ' ', 'Carter', '9',to_date('2009-06-22','YYYY-MM-DD'));
Insert into Fall22_S001_5_seller Values(1082, 'james@gmail.com', 'James', ' ', 'Lewis', '11',to_date('2000-08-12','YYYY-MM-DD'));

-- BUYER TABLE
Insert into Fall22_S001_5_buyer Values(1010, 'dwaynejohnson@gmail.com', 'Dwayne', 'Rock', 'Johnson', 12, to_date('1986-10-23','YYYY-MM-DD'));
Insert into Fall22_S001_5_buyer Values(1011, 'kevinhart@gmail.com', 'Kevin', '', 'Hart', 9, to_date('1988-11-24','YYYY-MM-DD'));
Insert into Fall22_S001_5_buyer Values(1012, 'johnstamos@gmail.com', 'John', 'H', 'Stamos', 10, to_date('1986-08-15','YYYY-MM-DD'));
Insert into Fall22_S001_5_buyer Values(1013, 'jefferydeniz@gmail.com', 'Jeffery', '', 'Dennis', 12, to_date('1990-10-01','YYYY-MM-DD'));
Insert into Fall22_S001_5_buyer Values(1014, 'scarletquintero@gmail.com', 'Scarlet', 'Rose', 'Quintero', 10, to_date('1976-05-15','YYYY-MM-DD'));
Insert into Fall22_S001_5_buyer Values(1015, 'menachem@gmail.com', 'Menachem', '', 'Huber', '5', to_date('2000-07-27','YYYY-MM-DD'));
Insert into Fall22_S001_5_buyer Values(1016, 'rafferty@gmail.com', 'Rafferty', ' ', 'Ireland', '9',to_date('2000-08-29','YYYY-MM-DD'));
Insert into Fall22_S001_5_buyer Values(1017, 'maia@gmail.com', 'Maia', ' ', 'Mccabe', '10',to_date('2004-06-03','YYYY-MM-DD'));
Insert into Fall22_S001_5_buyer Values(1018, 'madeline@gmail.com', 'Madeline', ' ', 'Markham', '5',to_date('2000-04-06','YYYY-MM-DD'));
Insert into Fall22_S001_5_buyer Values(1019, 'amman@gmail.com', 'Amman', ' ', 'Neale', '14',to_date('1996-05-03','YYYY-MM-DD'));
Insert into Fall22_S001_5_buyer Values(1020, 'maddie@gmail.com', 'Maddie', ' ', 'Campos', '9',to_date('2002-04-01','YYYY-MM-DD'));
Insert into Fall22_S001_5_buyer Values(1021, 'amiee@gmail.com', 'Amiee', ' ', 'Curry', '6',to_date('1997-06-02','YYYY-MM-DD'));
Insert into Fall22_S001_5_buyer Values(1022, 'seamus@gmail.com', 'Seamus', 'Isaac', 'Frey', '5', to_date('1998-05-04','YYYY-MM-DD'));
Insert into Fall22_S001_5_buyer Values(1023, 'eoghan@gmail.com', 'Eoghan', ' ', 'Mosley', '7',to_date('1996-08-24','YYYY-MM-DD'));
Insert into Fall22_S001_5_buyer Values(1024, 'cathal@gmail.com', 'Cathal', ' ', 'James', '7',to_date('2002-07-10','YYYY-MM-DD'));
Insert into Fall22_S001_5_buyer Values(1025, 'sarina@gmail.com', 'Sarina', 'Noah', 'Blevins', '12', to_date('2002-03-08','YYYY-MM-DD'));
Insert into Fall22_S001_5_buyer Values(1026, 'olaf@gmail.com', 'Olaf', ' ', 'Perkins', '12',to_date('2003-04-13','YYYY-MM-DD'));
Insert into Fall22_S001_5_buyer Values(1027, 'ranveer@gmail.com', 'Ranveer', ' ', 'Rios', '5',to_date('2001-05-27','YYYY-MM-DD'));
Insert into Fall22_S001_5_buyer Values(1028, 'caolan@gmail.com', 'Caolan', 'Isaac', 'Meyer', '8', to_date('2004-04-12','YYYY-MM-DD'));
Insert into Fall22_S001_5_buyer Values(1029, 'amit@gmail.com', 'Amit', ' ', 'Mcneil', '6',to_date('1996-03-31','YYYY-MM-DD'));
Insert into Fall22_S001_5_buyer Values(1030, 'iqra@gmail.com', 'Iqra', ' ', 'Silva', '6',to_date('2002-11-13','YYYY-MM-DD'));
Insert into Fall22_S001_5_buyer Values(1031, 'magdalena@gmail.com', 'Magdalena', ' ', 'Black', '5',to_date('1998-06-27','YYYY-MM-DD'));
Insert into Fall22_S001_5_buyer Values(1032, 'ophelia@gmail.com', 'Ophelia', ' ', 'Halliday', '14',to_date('1997-12-15','YYYY-MM-DD'));
Insert into Fall22_S001_5_buyer Values(1033, 'aubree@gmail.com', 'Aubree', ' ', 'Bostock', '12',to_date('2004-04-25','YYYY-MM-DD'));
Insert into Fall22_S001_5_buyer Values(1034, 'deniz@gmail.com', 'Deniz', 'Leo', 'Jeffery', '10', to_date('1995-03-30','YYYY-MM-DD'));
Insert into Fall22_S001_5_buyer Values(1035, 'anayah@gmail.com', 'Anayah', ' ', 'Moore', '10',to_date('1996-05-23','YYYY-MM-DD'));
Insert into Fall22_S001_5_buyer Values(1036, 'eliza@gmail.com', 'Eliza', 'Carter', 'Levy', '9', to_date('2004-07-07','YYYY-MM-DD'));
Insert into Fall22_S001_5_buyer Values(1037, 'derek@gmail.com', 'Derek', ' ', 'Blackwell', '8',to_date('1995-03-08','YYYY-MM-DD'));
Insert into Fall22_S001_5_buyer Values(1038, 'ricardo@gmail.com', 'Ricardo', ' ', 'Wong', '13',to_date('1996-08-12','YYYY-MM-DD'));
Insert into Fall22_S001_5_buyer Values(1039, 'khloe@gmail.com', 'Khloe', ' ', 'Leblanc', '14',to_date('1995-06-26','YYYY-MM-DD'));
Insert into Fall22_S001_5_buyer Values(1040, 'abigayle@gmail.com', 'Abigayle', ' ', 'Jensen', '6',to_date('1998-10-09','YYYY-MM-DD'));
Insert into Fall22_S001_5_buyer Values(1041, 'blane@gmail.com', 'Blane', ' ', 'Coates', '8',to_date('2004-08-21','YYYY-MM-DD'));
Insert into Fall22_S001_5_buyer Values(1042, 'zaine@gmail.com', 'Zaine', 'Luke', 'Buchanan', '8', to_date('1995-09-12','YYYY-MM-DD'));
Insert into Fall22_S001_5_buyer Values(1043, 'ria@gmail.com', 'Ria', ' ', 'Barajas', '14',to_date('1995-06-06','YYYY-MM-DD'));
Insert into Fall22_S001_5_buyer Values(1044, 'ayyub@gmail.com', 'Ayyub', ' ', 'Mccoy', '5',to_date('2002-12-25','YYYY-MM-DD'));
Insert into Fall22_S001_5_buyer Values(1045, 'haseeb@gmail.com', 'Haseeb', 'Luda', 'Wickens', '12', to_date('2002-02-07','YYYY-MM-DD'));
Insert into Fall22_S001_5_buyer Values(1046, 'faizah@gmail.com', 'Faizah', ' ', 'Duggan', '9',to_date('2003-07-05','YYYY-MM-DD'));
Insert into Fall22_S001_5_buyer Values(1047, 'kain@gmail.com', 'Kain', ' ', 'Hanna', '6',to_date('1999-12-10','YYYY-MM-DD'));
Insert into Fall22_S001_5_buyer Values(1048, 'scarlet@gmail.com', 'Scarlet', ' ', 'Quintero', '11',to_date('1997-03-31','YYYY-MM-DD'));
Insert into Fall22_S001_5_buyer Values(1049, 'tarik@gmail.com', 'Tarik', 'Carter', 'Levine', '9', to_date('2004-10-28','YYYY-MM-DD'));
Insert into Fall22_S001_5_buyer Values(1050, 'savanna@gmail.com', 'Savanna', ' ', 'Leal', '12',to_date('2003-05-18','YYYY-MM-DD'));
Insert into Fall22_S001_5_buyer Values(1051, 'lottie@gmail.com', 'Lottie', ' ', 'Rangel', '7',to_date('1995-05-14','YYYY-MM-DD'));
Insert into Fall22_S001_5_buyer Values(1052, 'jaspal@gmail.com', 'Jaspal', ' ', 'Randolph', '10',to_date('2004-01-05','YYYY-MM-DD'));
Insert into Fall22_S001_5_buyer Values(1053, 'farhaan@gmail.com', 'Farhaan', 'Luke', 'Mcfadden', '14', to_date('1996-02-15','YYYY-MM-DD'));
Insert into Fall22_S001_5_buyer Values(1054, 'brandon@gmail.com', 'Brandon', ' ', 'Kramer', '9',to_date('2000-07-10','YYYY-MM-DD'));
Insert into Fall22_S001_5_buyer Values(1055, 'taylan@gmail.com', 'Taylan', 'Luda', 'Kaufman', '6', to_date('1997-04-04','YYYY-MM-DD'));
Insert into Fall22_S001_5_buyer Values(1056, 'sabiha@gmail.com', 'Sabiha', ' ', 'Gilmore', '14',to_date('2003-09-28','YYYY-MM-DD'));
Insert into Fall22_S001_5_buyer Values(1057, 'mahima@gmail.com', 'Mahima', ' ', 'Archer', '14',to_date('2000-10-07','YYYY-MM-DD'));
Insert into Fall22_S001_5_buyer Values(1058, 'britany@gmail.com', 'Britany', 'Akari', 'Gibbs', '9', to_date('2004-09-27','YYYY-MM-DD'));
Insert into Fall22_S001_5_buyer Values(1059, 'audrey@gmail.com', 'Audrey', ' ', 'Singleton', '14',to_date('1998-06-23','YYYY-MM-DD'));
Insert into Fall22_S001_5_buyer Values(1060, 'kaison@gmail.com', 'Kaison', 'Akari', 'Brennan', '12', to_date('2000-11-13','YYYY-MM-DD'));
Insert into Fall22_S001_5_buyer Values(1061, 'akeem@gmail.com', 'Akeem', ' ', 'Alcock', '5',to_date('1998-04-25','YYYY-MM-DD'));
Insert into Fall22_S001_5_buyer Values(1062, 'lulu@gmail.com', 'Lulu', ' ', 'Bradley', '6',to_date('1995-12-13','YYYY-MM-DD'));
Insert into Fall22_S001_5_buyer Values(1063, 'haroon@gmail.com', 'Haroon', ' ', 'Lovell', '10',to_date('2001-11-06','YYYY-MM-DD'));
Insert into Fall22_S001_5_buyer Values(1064, 'liam@gmail.com', 'Liam', ' ', 'Smith', '7',to_date('1999-03-29','YYYY-MM-DD'));
Insert into Fall22_S001_5_buyer Values(1065, 'anthony@gmail.com', 'Anthony', ' ', 'Miller', '9',to_date('2005-08-25','YYYY-MM-DD'));
Insert into Fall22_S001_5_buyer Values(1066, 'jacob@gmail.com', 'Jacob', ' ', 'Jones', '11',to_date('2006-02-19','YYYY-MM-DD'));
Insert into Fall22_S001_5_buyer Values(1067, 'emily@gmail.com', 'Emily', ' ', 'Johnson', '7',to_date('1997-01-20','YYYY-MM-DD'));
Insert into Fall22_S001_5_buyer Values(1068, 'joseph@gmail.com', 'Joseph', ' ', 'Davis', '12',to_date('1995-01-12','YYYY-MM-DD'));
Insert into Fall22_S001_5_buyer Values(1069, 'jack@gmail.com', 'Jack', ' ', 'Anderson', '9',to_date('2002-10-24','YYYY-MM-DD'));
Insert into Fall22_S001_5_buyer Values(1070, 'ava@gmail.com', 'Ava', ' ', 'Thomas', '8',to_date('2001-01-01','YYYY-MM-DD'));
Insert into Fall22_S001_5_buyer Values(1071, 'oliver@gmail.com', 'Oliver', ' ', 'Williams', '12',to_date('1996-08-20','YYYY-MM-DD'));
Insert into Fall22_S001_5_buyer Values(1072, 'michael@gmail.com', 'Michael', ' ', 'Taylor', '7',to_date('2003-09-12','YYYY-MM-DD'));
Insert into Fall22_S001_5_buyer Values(1073, 'david@gmail.com', 'David', ' ', 'Jackson', '9',to_date('2001-10-23','YYYY-MM-DD'));
Insert into Fall22_S001_5_buyer Values(1074, 'john@gmail.com', 'John', ' ', 'Wilson', '11',to_date('1995-02-22','YYYY-MM-DD'));
Insert into Fall22_S001_5_buyer Values(1075, 'garcia@gmail.com', 'Garcia', ' ', 'Kaur', '10',to_date('2008-01-11','YYYY-MM-DD'));
Insert into Fall22_S001_5_buyer Values(1076, 'benjamin@gmail.com', 'Benjamin', ' ', 'Harris', '9',to_date('2003-05-22','YYYY-MM-DD'));
Insert into Fall22_S001_5_buyer Values(1077, 'elizabeth@gmail.com', 'Elizabeth', ' ', 'Thompson', '10',to_date('1997-03-12','YYYY-MM-DD'));
Insert into Fall22_S001_5_buyer Values(1078, 'henry@gmail.com', 'Henry', ' ', 'Lee', '12',to_date('1998-06-12','YYYY-MM-DD'));
Insert into Fall22_S001_5_buyer Values(1079, 'emma@gmail.com', 'Emma', ' ', 'Allen', '8',to_date('2000-08-22','YYYY-MM-DD'));
Insert into Fall22_S001_5_buyer Values(1080, 'noah@gmail.com', 'Noah', ' ', 'Walker', '10',to_date('2003-11-12','YYYY-MM-DD'));
Insert into Fall22_S001_5_buyer Values(1081, 'william@gmail.com', 'William', ' ', 'Carter', '9',to_date('2009-06-22','YYYY-MM-DD'));
Insert into Fall22_S001_5_buyer Values(1082, 'james@gmail.com', 'James', ' ', 'Lewis', '11',to_date('2000-08-12','YYYY-MM-DD'));

-- SHOE TABLE
Insert into Fall22_S001_5_shoes Values('AA123', 'black', 2021, 120.0, 'Nike AirMax 270');
Insert into Fall22_S001_5_shoes Values('AA124', 'red', 2021, 100.0, 'Nike SB Dunk');
Insert into Fall22_S001_5_shoes Values('BA400', 'green', 2022, 140.0, 'New Balance Foam');
Insert into Fall22_S001_5_shoes Values('AA131', 'white', 2022, 110.0, 'Nike Air Force 1');
Insert into Fall22_S001_5_shoes Values('AA141', 'black/white', 2022, 105.0, 'Nike Blazer High');
Insert into Fall22_S001_5_shoes Values('QE214', 'red/black', 2017, 190.0, 'Air Jordan 1 Retro High Off White Chicago');
Insert into Fall22_S001_5_shoes Values('NI121', 'red/black-sail-muslin', 2022, 180.0, 'Air Jordan 1 Retro High OG Chicago Reimagined');
Insert into Fall22_S001_5_shoes Values('VM876', 'grey/sail-photon-dust-white', 2020, 2000.0, 'Air Jordan 1 Retro High Dior');
Insert into Fall22_S001_5_shoes Values('KO927', 'white/black', 2021, 110.0, 'Nike Dunk Low Retro White Black');
Insert into Fall22_S001_5_shoes Values('BV532', 'white/grey', 2022, 100.0, 'New Balance 550 White Grey');
Insert into Fall22_S001_5_shoes Values('HB234', 'black/red', 2017, 220.0, 'Adidas Yeezy Boost 350 V2 Core Black Red');
Insert into Fall22_S001_5_shoes Values('EL206', 'grey/black-sail', 2020, 2000.0, 'Air Jordan 1 Retro Low Dior');
Insert into Fall22_S001_5_shoes Values('FP020', 'grey/black-white', 2020, 115.0, 'Air Jordan 1 Mid Light Smoke Grey');
Insert into Fall22_S001_5_shoes Values('WV105', 'grey/black-white', 2022, 100.0, 'Air Jordan 1 Low Shadow Toe');
Insert into Fall22_S001_5_shoes Values('EG981', 'blue/yellow', 2018, 160.0, 'Nike Air Max 97 Sean Wotherspoon');
Insert into Fall22_S001_5_shoes Values('LA684', 'black/red', 2001, 125.0, 'Air Jordan 11 Retro Playoffs');
Insert into Fall22_S001_5_shoes Values('GG018', 'white/blue', 2002, 105.0, 'Air Jordan 6 Retro Low University Blue');
Insert into Fall22_S001_5_shoes Values('CD193', 'black/red-grey', 2005, 175.0, 'Air Jordan 4 Retro Black Laser');
Insert into Fall22_S001_5_shoes Values('FH972', 'black/gold-purple', 2022, 180.0, 'Reebok Shaq Attaq Los Angeles Lakers');
Insert into Fall22_S001_5_shoes Values('AF214', 'red/orange', 2013, 110.0, 'ASICS Onitsuka Tiger Colorado 85 Hanon Wildcats');
Insert into Fall22_S001_5_shoes Values('AG194', 'black/grey-white', 2013, 170.0, 'Air Jordan 5 Oreo');
Insert into Fall22_S001_5_shoes Values('GP141', 'black/white-blue', 2013, 85.0, 'Nike SB Dunk Low Concord');
Insert into Fall22_S001_5_shoes Values('VP682', 'black/sail-white', 2019, 100.0, 'Nike Blazer Mid 77 Vintage');
Insert into Fall22_S001_5_shoes Values('BB142', 'black/white', 2019, 160.0, 'Nike Air Max 97 Anthracite');
Insert into Fall22_S001_5_shoes Values('PH882', 'black/white', 2018, 80.0, 'Adidas Samba Gum');
Insert into Fall22_S001_5_shoes Values('DD679', 'yellow', 2018, 200.0, 'Adidas Yeezy 500 Super Moon');
Insert into Fall22_S001_5_shoes Values('HH698', 'grey/white-black', 2017, 300.0, 'Adidas Yeezy Boost 700 Wave Runner');
Insert into Fall22_S001_5_shoes Values('AJ512', 'black/white', 2017, 70.0, 'Vans Old School');
Insert into Fall22_S001_5_shoes Values('AJ797', 'white/blue-red', 2016, 220.0, 'Air Jordan 3 Retro True Blue');
Insert into Fall22_S001_5_shoes Values('YZ532', 'black/white', 2016, 130.0, 'Nike Air More Uptempo');
Insert into Fall22_S001_5_shoes Values('NB124', 'black/starfish-sail', 2015, 160.0, 'Air Jordan 1 Retro Shattered Backboard');
Insert into Fall22_S001_5_shoes Values('NB315', 'white/blue', 2015, 160.0, 'Air Jordan 1 Retro UNC');
Insert into Fall22_S001_5_shoes Values('SK235', 'grey', 2015, 200.0, 'Adidas Yeezy Boost 350 Moonrock');
Insert into Fall22_S001_5_shoes Values('YZ151', 'red', 2014, 250.0, 'Nike Air Yeezy 2 Red October');
Insert into Fall22_S001_5_shoes Values('AJ857', 'pecan/white', 2014, 120.0, 'Nike SB Dunk High Cali');
Insert into Fall22_S001_5_shoes Values('JK786', 'black/white', 2014, 140.0, 'Air Jordan 1 Retro Black White');
Insert into Fall22_S001_5_shoes Values('HV864', 'linen/red-sail', 2013, 120.0, 'Nike Air Max 1 Home Turf Milan');
Insert into Fall22_S001_5_shoes Values('TR795', 'black/silver', 2013, 150.0, 'Nike Kobe 8 EXT');
Insert into Fall22_S001_5_shoes Values('MK986', 'tan/pink-navy', 2013, 175.0, 'New Balance 1600 Ronnie Fien Daytona');
Insert into Fall22_S001_5_shoes Values('WE298', 'grey/green-pink', 2012, 250.0, 'Nike LeBron 9 PS Elite South Beach');
Insert into Fall22_S001_5_shoes Values('RR140', 'black/grey', 2012, 175.0, 'Air Jordan 1 Retro Dave White Wings for the Future');
Insert into Fall22_S001_5_shoes Values('VB685', 'black/red', 2011, 160.0, 'Air Jordan 14 Retro Last Shot');
Insert into Fall22_S001_5_shoes Values('DA587', 'black/white', 2011, 60.0, 'Converse Chuck Taylor All-Star Hi');
Insert into Fall22_S001_5_shoes Values('AR914', 'brown/black', 2011, 135.0, 'Nike Air Force 1 Low N7');
Insert into Fall22_S001_5_shoes Values('PM297', 'yellow/black', 2010, 130.0, 'Nike Kobe 5 Bruce Lee');
Insert into Fall22_S001_5_shoes Values('PB325', 'blue/grey', 2010, 160.0, 'Air Jordan 13 Retro Flint');
Insert into Fall22_S001_5_shoes Values('BM235', 'black/white', 2009, 175.0, 'Air Jordan 11 Retro Space Jam');
Insert into Fall22_S001_5_shoes Values('MB235', 'white/grey', 2009, 125.0, 'Nike Air Trainer SC Bo Jackson');
Insert into Fall22_S001_5_shoes Values('LK234', 'black/white-grey', 2009, 310.0, 'Air Jordan Defining Moments Pack');
Insert into Fall22_S001_5_shoes Values('HJ672', 'blue', 2009, 92.0, 'Nike SB Dunk Low Concepts Blue Lobster');


-- REVIEWS TABLE
Insert into fall22_s001_5_reviews Values(121, 8, 'Amazing Product. Nice fit.', 'AA123', 1011, 'AA123');
Insert into fall22_s001_5_reviews Values(122, 9, 'Stylish Shoes.', 'AA124', 1010, 'AA124');
Insert into fall22_s001_5_reviews Values(123, 10, 'Super Comfortable.', 'BA400', 1010, 'BA400');
Insert into fall22_s001_5_reviews Values(124, 9, 'Simple and elegant.', 'AA131', 1011, 'AA131');
Insert into fall22_s001_5_reviews Values(125, 8, 'Great budget shoes.', 'AA123', 1011, 'AA123');
Insert into fall22_s001_5_reviews Values(126, 7, 'Best shoes by Nike.', 'AA141', 1010, 'AA141');
Insert into fall22_s001_5_reviews Values(127, 9, '', 'LA684', '1032', 'LA684');
Insert into fall22_s001_5_reviews Values(128, 4, 'The best shoes ever.', 'GP141', '1049', 'GP141');
Insert into fall22_s001_5_reviews Values(129, 7, 'Very nice classic shoe goes with everything couldn"t wait till they arrived', 'KO927', '1034', 'KO927');
Insert into fall22_s001_5_reviews Values(130, 7, '', 'AA131', '1053', 'AA131');
Insert into fall22_s001_5_reviews Values(131, 6, 'Great shoe!!! Great fit!!!', 'AR914', '1041', 'AR914');
Insert into fall22_s001_5_reviews Values(132, 5, 'Great shoe!!! Great fit!!!', 'LK234', '1031', 'LK234');
Insert into fall22_s001_5_reviews Values(133, 9, 'Very nice classic shoe goes with everything couldn"t wait till they arrived', 'EG981', '1048', 'EG981');
Insert into fall22_s001_5_reviews Values(134, 5, 'My shoes came quickly and everything was in tact. I got exactly what I asked for just in time.', 'AA141', '1037', 'AA141');
Insert into fall22_s001_5_reviews Values(135, 4, 'Very nice classic shoe goes with everything couldn"t wait till they arrived', 'KO927', '1058', 'KO927');
Insert into fall22_s001_5_reviews Values(136, 5, 'Shoe fits perfect.', 'FP020', '1017', 'FP020');
Insert into fall22_s001_5_reviews Values(137, 5, 'The best shoes ever.', 'AA131', '1045', 'AA131');
Insert into fall22_s001_5_reviews Values(138, 4, 'The best shoes ever.', 'FH972', '1045', 'FH972');
Insert into fall22_s001_5_reviews Values(139, 4, 'Product arrived as described and was shipped very fast!', 'NB124', '1022', 'NB124');
Insert into fall22_s001_5_reviews Values(141, 7, 'Shoe fits perfect.', 'AA141', '1052', 'AA141');
Insert into fall22_s001_5_reviews Values(142, 5, '', 'NB315', '1018', 'NB315');
Insert into fall22_s001_5_reviews Values(143, 7, 'Shoe fits perfect.', 'GG018', '1062', 'GG018');
Insert into fall22_s001_5_reviews Values(144, 5, 'The best shoes ever.', 'AJ857', '1058', 'AJ857');
Insert into fall22_s001_5_reviews Values(145, 6, 'Product arrived as described and was shipped very fast!', 'FP020', '1027', 'FP020');
Insert into fall22_s001_5_reviews Values(146, 4, '', 'NB315', '1025', 'NB315');
Insert into fall22_s001_5_reviews Values(147, 5, 'Shoe fits perfect.', 'PM297', '1064', 'PM297');
Insert into fall22_s001_5_reviews Values(148, 4, 'The best shoes ever.', 'BB142', '1053', 'BB142');
Insert into fall22_s001_5_reviews Values(149, 7, 'My shoes came quickly and everything was in tact. I got exactly what I asked for just in time.', 'PB325', '1048', 'PB325');
Insert into fall22_s001_5_reviews Values(150, 5, 'The best shoes ever.', 'LA684', '1026', 'LA684');
Insert into fall22_s001_5_reviews Values(151, 6, 'My shoes came quickly and everything was in tact. I got exactly what I asked for just in time.', 'KO927', '1012', 'KO927');
Insert into fall22_s001_5_reviews Values(152, 5, 'Very nice classic shoe goes with everything couldn"t wait till they arrived', 'AG194', '1054', 'AG194');
Insert into fall22_s001_5_reviews Values(153, 5, 'Great shoe!!! Great fit!!!', 'MB235', '1030', 'MB235');
Insert into fall22_s001_5_reviews Values(154, 6, '', 'AR914', '1056', 'AR914');
Insert into fall22_s001_5_reviews Values(155, 7, '', 'MK986', '1021', 'MK986');
Insert into fall22_s001_5_reviews Values(156, 9, 'Shoe fits perfect.', 'AA141', '1054', 'AA141');
Insert into fall22_s001_5_reviews Values(157, 4, 'The best shoes ever.', 'NB124', '1052', 'NB124');
Insert into fall22_s001_5_reviews Values(158, 9, 'Great shoe!!! Great fit!!!', 'HV864', '1028', 'HV864');
Insert into fall22_s001_5_reviews Values(160, 4, 'Great shoe!!! Great fit!!!', 'AA124', '1036', 'AA124');
Insert into fall22_s001_5_reviews Values(161, 9, 'The best shoes ever.', 'BM235', '1058', 'BM235');
Insert into fall22_s001_5_reviews Values(163, 9, 'The best shoes ever.', 'FP020', '1011', 'FP020');
Insert into fall22_s001_5_reviews Values(164, 6, 'Great shoe!!! Great fit!!!', 'NB315', '1037', 'NB315');
Insert into fall22_s001_5_reviews Values(165, 7, 'Product arrived as described and was shipped very fast!', 'BM235', '1020', 'BM235');
Insert into fall22_s001_5_reviews Values(166, 7, 'Very nice classic shoe goes with everything couldn"t wait till they arrived', 'NB124', '1027', 'NB124');
Insert into fall22_s001_5_reviews Values(168, 8, 'Great shoe!!! Great fit!!!', 'AG194', '1053', 'AG194');
Insert into fall22_s001_5_reviews Values(169, 6, 'Great shoe!!! Great fit!!!', 'MB235', '1056', 'MB235');
Insert into fall22_s001_5_reviews Values(170, 6, 'Product arrived as described and was shipped very fast!', 'LA684', '1056', 'LA684');
Insert into fall22_s001_5_reviews Values(171, 5, 'Great shoe!!! Great fit!!!', 'HV864', '1061', 'HV864');
Insert into fall22_s001_5_reviews Values(172, 7, '', 'VP682', '1020', 'VP682');
Insert into fall22_s001_5_reviews Values(173, 9, 'Product arrived as described and was shipped very fast!', 'DA587', '1024', 'DA587');
Insert into fall22_s001_5_reviews Values(175, 6, '', 'PM297', '1027', 'PM297');
Insert into fall22_s001_5_reviews Values(176, 4, 'Great shoe!!! Great fit!!!', 'BM235', '1049', 'BM235');
Insert into fall22_s001_5_reviews Values(177, 6, 'The best shoes ever.', 'YZ151', '1030', 'YZ151');

-- STOCK AVAILABILITY TABLE
Insert into fall22_s001_5_stockavailability Values('AA123', 10, 52);
Insert into fall22_s001_5_stockavailability Values('AA124', 11, 83);
Insert into fall22_s001_5_stockavailability Values('BA400', 10.5, 10);
Insert into fall22_s001_5_stockavailability Values('AA131', 9, 20);
Insert into fall22_s001_5_stockavailability Values('AA141', 12, 14);
Insert into fall22_s001_5_stockavailability Values('MK986', 10, 16);
Insert into fall22_s001_5_stockavailability Values('VB685', 13, 65);
Insert into fall22_s001_5_stockavailability Values('MB235', 8, 12);
Insert into fall22_s001_5_stockavailability Values('NB124', 5, 82);
Insert into fall22_s001_5_stockavailability Values('AJ512', 9, 94);
Insert into fall22_s001_5_stockavailability Values('FH972', 13, 15);
Insert into fall22_s001_5_stockavailability Values('EL206', 12, 32);
Insert into fall22_s001_5_stockavailability Values('PH882', 14, 12);
Insert into fall22_s001_5_stockavailability Values('AR914', 7, 12);
Insert into fall22_s001_5_stockavailability Values('QE214', 6, 15);
Insert into fall22_s001_5_stockavailability Values('RR140', 10, 14);
Insert into fall22_s001_5_stockavailability Values('LK234', 7, 32);
Insert into fall22_s001_5_stockavailability Values('GG018', 14, 13);
Insert into fall22_s001_5_stockavailability Values('DA587', 9, 75);
Insert into fall22_s001_5_stockavailability Values('WV105', 11, 13);
Insert into fall22_s001_5_stockavailability Values('JK786', 10, 15);
Insert into fall22_s001_5_stockavailability Values('HB234', 7, 17);
Insert into fall22_s001_5_stockavailability Values('NI121', 5, 15);
Insert into fall22_s001_5_stockavailability Values('PM297', 13, 82);
Insert into fall22_s001_5_stockavailability Values('TR795', 14, 16);
Insert into fall22_s001_5_stockavailability Values('CD193', 7, 55);
Insert into fall22_s001_5_stockavailability Values('HJ672', 9, 19);
Insert into fall22_s001_5_stockavailability Values('NB315', 7, 92);
Insert into fall22_s001_5_stockavailability Values('KO927', 12, 31);
Insert into fall22_s001_5_stockavailability Values('VM876', 13, 14);
Insert into fall22_s001_5_stockavailability Values('DD679', 14, 61);
Insert into fall22_s001_5_stockavailability Values('WE298', 11, 16);
Insert into fall22_s001_5_stockavailability Values('EG981', 13, 12);

-- ORDERS TABLE
Insert into fall22_s001_5_orders Values(2021, 1, 100.0, 11, 'AA124');
Insert into fall22_s001_5_orders Values(2022, 1, 100.0, 11, 'AA124');
Insert into fall22_s001_5_orders Values(2023, 2, 110.0, 9, 'AA131');
Insert into fall22_s001_5_orders Values(2024, 1, 105.0, 12, 'AA141');
Insert into fall22_s001_5_orders Values(2025, 2, 110.0, 9, 'AA131');
Insert into fall22_s001_5_orders Values(2026, 1, 140.0, 10.5, 'BA400');
Insert into fall22_s001_5_orders Values(2027, 2, 496.0, 12, 'TR795');
Insert into fall22_s001_5_orders Values(2028, 3, 140.0, 10.5, 'BA400');
Insert into fall22_s001_5_orders Values(2029, 2, 110.0, 9, 'AA131');
Insert into fall22_s001_5_orders Values(2031, 2, 297.0, 10, 'JK786');
Insert into fall22_s001_5_orders Values(2032, 2, 238.0, 11, 'AA123');
Insert into fall22_s001_5_orders Values(2033, 4, 165.0, 8, 'VB685');
Insert into fall22_s001_5_orders Values(2035, 2, 146.0, 6, 'PH882');
Insert into fall22_s001_5_orders Values(2036, 2, 130.0, 11, 'GG018');
Insert into fall22_s001_5_orders Values(2037, 1, 100.0, 8, 'CD193');
Insert into fall22_s001_5_orders Values(2039, 3, 130.0, 11, 'GG018');
Insert into fall22_s001_5_orders Values(2040, 3, 138.0, 5, 'NI121');
Insert into fall22_s001_5_orders Values(2041, 3, 306.0, 6, 'RR140');
Insert into fall22_s001_5_orders Values(2044, 1, 165.0, 8, 'VB685');
Insert into fall22_s001_5_orders Values(2047, 3, 298.0, 13, 'MB235');
Insert into fall22_s001_5_orders Values(2048, 1, 140.0, 10.5, 'BA400');
Insert into fall22_s001_5_orders Values(2049, 1, 496.0, 12, 'TR795');
Insert into fall22_s001_5_orders Values(2051, 1, 110.0, 9, 'AA131');
Insert into fall22_s001_5_orders Values(2052, 2, 298.0, 13, 'MB235');
Insert into fall22_s001_5_orders Values(2053, 4, 312.0, 9, 'PM297');
Insert into fall22_s001_5_orders Values(2054, 1, 312.0, 9, 'PM297');
Insert into fall22_s001_5_orders Values(2055, 4, 110.0, 9, 'AA131');
Insert into fall22_s001_5_orders Values(2056, 1, 100.0, 8, 'CD193');
Insert into fall22_s001_5_orders Values(2057, 1, 138.0, 5, 'NI121');
Insert into fall22_s001_5_orders Values(2058, 3, 221.0, 6, 'QE214');
Insert into fall22_s001_5_orders Values(2060, 4, 312.0, 9, 'PM297');
Insert into fall22_s001_5_orders Values(2061, 4, 418.0, 9, 'FH972');
Insert into fall22_s001_5_orders Values(2065, 3, 482.0, 9, 'HJ672');
Insert into fall22_s001_5_orders Values(2066, 2, 298.0, 13, 'MB235');
Insert into fall22_s001_5_orders Values(2067, 1, 100.0, 11, 'AA124');
Insert into fall22_s001_5_orders Values(2068, 1, 256.0, 12, 'HB234');
Insert into fall22_s001_5_orders Values(2069, 4, 312.0, 9, 'PM297');
Insert into fall22_s001_5_orders Values(2072, 4, 418.0, 7, 'AR914');
Insert into fall22_s001_5_orders Values(2074, 2, 496.0, 12, 'TR795');
Insert into fall22_s001_5_orders Values(2075, 4, 450.0, 10, 'AJ512');
Insert into fall22_s001_5_orders Values(2076, 4, 357.0, 6, 'LK234');
Insert into fall22_s001_5_orders Values(2077, 4, 221.0, 6, 'QE214');

-- PURCHASE HISTORY TABLE
Insert into fall22_s001_5_purchasehistory Values('AA124', 1010, to_date('2022-01-12','YYYY-MM-DD'), 1);
Insert into fall22_s001_5_purchasehistory Values('AA124', 1010, to_date('2022-03-05','YYYY-MM-DD'), 1);
Insert into fall22_s001_5_purchasehistory Values('AA131', 1012, to_date('2022-03-10','YYYY-MM-DD'), 2);
Insert into fall22_s001_5_purchasehistory Values('AA141', 1014, to_date('2022-05-21','YYYY-MM-DD'), 1);
Insert into fall22_s001_5_purchasehistory Values('AA131', 1014, to_date('2022-07-21','YYYY-MM-DD'), 2);
Insert into fall22_s001_5_purchasehistory Values('BA400', 1012, to_date('2022-07-29','YYYY-MM-DD'), 1);
Insert into fall22_s001_5_purchasehistory Values('DA587', 1026, to_date('2022-02-14','YYYY-MM-DD'), 2);
Insert into fall22_s001_5_purchasehistory Values('AF214', 1063, to_date('2022-04-20','YYYY-MM-DD'), 1);
Insert into fall22_s001_5_purchasehistory Values('PM297', 1038, to_date('2022-06-24','YYYY-MM-DD'), 1);
Insert into fall22_s001_5_purchasehistory Values('VP682', 1016, to_date('2022-11-07','YYYY-MM-DD'), 2);
Insert into fall22_s001_5_purchasehistory Values('MK986', 1038, to_date('2022-05-24','YYYY-MM-DD'), 2);
Insert into fall22_s001_5_purchasehistory Values('VP682', 1016, to_date('2022-07-22','YYYY-MM-DD'), 2);
Insert into fall22_s001_5_purchasehistory Values('AA131', 1036, to_date('2022-04-05','YYYY-MM-DD'), 1);
Insert into fall22_s001_5_purchasehistory Values('LA684', 1049, to_date('2022-02-23','YYYY-MM-DD'), 1);
Insert into fall22_s001_5_purchasehistory Values('PB325', 1023, to_date('2022-08-23','YYYY-MM-DD'), 2);
Insert into fall22_s001_5_purchasehistory Values('NB124', 1060, to_date('2022-01-18','YYYY-MM-DD'), 1);
Insert into fall22_s001_5_purchasehistory Values('PH882', 1031, to_date('2022-03-07','YYYY-MM-DD'), 2);
Insert into fall22_s001_5_purchasehistory Values('AJ512', 1060, to_date('2022-05-30','YYYY-MM-DD'), 2);
Insert into fall22_s001_5_purchasehistory Values('BB142', 1019, to_date('2022-11-03','YYYY-MM-DD'), 1);
Insert into fall22_s001_5_purchasehistory Values('AJ857', 1038, to_date('2022-03-17','YYYY-MM-DD'), 1);
Insert into fall22_s001_5_purchasehistory Values('AG194', 1052, to_date('2022-10-10','YYYY-MM-DD'), 1);
Insert into fall22_s001_5_purchasehistory Values('BA400', 1044, to_date('2022-02-04','YYYY-MM-DD'), 2);
Insert into fall22_s001_5_purchasehistory Values('AA124', 1050, to_date('2022-04-08','YYYY-MM-DD'), 1);
Insert into fall22_s001_5_purchasehistory Values('WV105', 1062, to_date('2022-01-29','YYYY-MM-DD'), 2);
Insert into fall22_s001_5_purchasehistory Values('JK786', 1018, to_date('2022-01-26','YYYY-MM-DD'), 2);
Insert into fall22_s001_5_purchasehistory Values('PB325', 1040, to_date('2022-11-07','YYYY-MM-DD'), 1);
Insert into fall22_s001_5_purchasehistory Values('WE298', 1012, to_date('2022-07-18','YYYY-MM-DD'), 2);
Insert into fall22_s001_5_purchasehistory Values('AJ857', 1027, to_date('2022-03-06','YYYY-MM-DD'), 1);
Insert into fall22_s001_5_purchasehistory Values('AG194', 1012, to_date('2022-03-11','YYYY-MM-DD'), 1);
Insert into fall22_s001_5_purchasehistory Values('TR795', 1062, to_date('2022-10-19','YYYY-MM-DD'), 1);
Insert into fall22_s001_5_purchasehistory Values('QE214', 1035, to_date('2022-02-08','YYYY-MM-DD'), 1);
Insert into fall22_s001_5_purchasehistory Values('CD193', 1052, to_date('2022-02-14','YYYY-MM-DD'), 1);
Insert into fall22_s001_5_purchasehistory Values('AA141', 1043, to_date('2022-08-11','YYYY-MM-DD'), 1);
Insert into fall22_s001_5_purchasehistory Values('AA131', 1035, to_date('2022-07-09','YYYY-MM-DD'), 1);
Insert into fall22_s001_5_purchasehistory Values('BA400', 1013, to_date('2022-09-18','YYYY-MM-DD'), 1);
Insert into fall22_s001_5_purchasehistory Values('BA400', 1033, to_date('2022-08-10','YYYY-MM-DD'), 2);
Insert into fall22_s001_5_purchasehistory Values('AR914', 1027, to_date('2022-08-28','YYYY-MM-DD'), 2);
Insert into fall22_s001_5_purchasehistory Values('KO927', 1022, to_date('2022-10-05','YYYY-MM-DD'), 1);
Insert into fall22_s001_5_purchasehistory Values('MB235', 1056, to_date('2022-10-09','YYYY-MM-DD'), 2);
Insert into fall22_s001_5_purchasehistory Values('AJ512', 1017, to_date('2022-01-28','YYYY-MM-DD'), 1);
Insert into fall22_s001_5_purchasehistory Values('RR140', 1018, to_date('2022-08-19','YYYY-MM-DD'), 2);
Insert into fall22_s001_5_purchasehistory Values('DD679', 1054, to_date('2022-04-14','YYYY-MM-DD'), 1);
Insert into fall22_s001_5_purchasehistory Values('FP020', 1044, to_date('2022-02-12','YYYY-MM-DD'), 1);
Insert into fall22_s001_5_purchasehistory Values('YZ532', 1046, to_date('2022-06-24','YYYY-MM-DD'), 1);
Insert into fall22_s001_5_purchasehistory Values('SK235', 1044, to_date('2022-10-07','YYYY-MM-DD'), 2);
Insert into fall22_s001_5_purchasehistory Values('QE214', 1059, to_date('2022-08-12','YYYY-MM-DD'), 2);
Insert into fall22_s001_5_purchasehistory Values('AJ512', 1016, to_date('2022-09-10','YYYY-MM-DD'), 2);
Insert into fall22_s001_5_purchasehistory Values('AA124', 1029, to_date('2022-07-09','YYYY-MM-DD'), 1);
Insert into fall22_s001_5_purchasehistory Values('PH882', 1049, to_date('2022-09-18','YYYY-MM-DD'), 2);
Insert into fall22_s001_5_purchasehistory Values('TR795', 1027, to_date('2022-08-17','YYYY-MM-DD'), 1);
Insert into fall22_s001_5_purchasehistory Values('CD193', 1049, to_date('2022-06-07','YYYY-MM-DD'), 2);
Insert into fall22_s001_5_purchasehistory Values('VB685', 1014, to_date('2022-01-31','YYYY-MM-DD'), 1);
Insert into fall22_s001_5_purchasehistory Values('AR914', 1031, to_date('2022-09-01','YYYY-MM-DD'), 2);
Insert into fall22_s001_5_purchasehistory Values('NB124', 1028, to_date('2022-07-07','YYYY-MM-DD'), 2);
Insert into fall22_s001_5_purchasehistory Values('EG981', 1029, to_date('2022-06-11','YYYY-MM-DD'), 1);
Insert into fall22_s001_5_purchasehistory Values('AJ857', 1060, to_date('2022-07-30','YYYY-MM-DD'), 1);
Insert into fall22_s001_5_purchasehistory Values('BB142', 1037, to_date('2022-10-27','YYYY-MM-DD'), 1);

-- USER VIEWS TABLE
Insert into fall22_s001_5_userviews Values(1010, 'AA124');
Insert into fall22_s001_5_userviews Values(1012, 'AA131');
Insert into fall22_s001_5_userviews Values(1012, 'BA400');
Insert into fall22_s001_5_userviews Values(1014, 'AA141');
Insert into fall22_s001_5_userviews Values(1014, 'SK235');
Insert into fall22_s001_5_userviews Values(1018, 'PB325');
Insert into fall22_s001_5_userviews Values(1029, 'AG194');
Insert into fall22_s001_5_userviews Values(1057, 'AF214');
Insert into fall22_s001_5_userviews Values(1058, 'RR140');
Insert into fall22_s001_5_userviews Values(1048, 'BV532');
Insert into fall22_s001_5_userviews Values(1010, 'HJ672');
Insert into fall22_s001_5_userviews Values(1053, 'HV864');
Insert into fall22_s001_5_userviews Values(1022, 'LA684');
Insert into fall22_s001_5_userviews Values(1055, 'EG981');
Insert into fall22_s001_5_userviews Values(1055, 'LK234');
Insert into fall22_s001_5_userviews Values(1040, 'AJ797');
Insert into fall22_s001_5_userviews Values(1045, 'AA123');
Insert into fall22_s001_5_userviews Values(1062, 'AA131');
Insert into fall22_s001_5_userviews Values(1016, 'QE214');
Insert into fall22_s001_5_userviews Values(1054, 'AJ857');
Insert into fall22_s001_5_userviews Values(1048, 'KO927');
Insert into fall22_s001_5_userviews Values(1050, 'EG981');
Insert into fall22_s001_5_userviews Values(1010, 'YZ532');
Insert into fall22_s001_5_userviews Values(1031, 'FP020');
Insert into fall22_s001_5_userviews Values(1033, 'VB685');
Insert into fall22_s001_5_userviews Values(1028, 'SK235');
Insert into fall22_s001_5_userviews Values(1049, 'WV105');
Insert into fall22_s001_5_userviews Values(1012, 'HH698');
Insert into fall22_s001_5_userviews Values(1062, 'PM297');
Insert into fall22_s001_5_userviews Values(1059, 'DA587');
Insert into fall22_s001_5_userviews Values(1059, 'BV532');
Insert into fall22_s001_5_userviews Values(1010, 'AA124');
Insert into fall22_s001_5_userviews Values(1028, 'VB685');
Insert into fall22_s001_5_userviews Values(1016, 'KO927');
Insert into fall22_s001_5_userviews Values(1016, 'FP020');
Insert into fall22_s001_5_userviews Values(1010, 'GG018');
Insert into fall22_s001_5_userviews Values(1023, 'WE298');
Insert into fall22_s001_5_userviews Values(1021, 'TR795');
Insert into fall22_s001_5_userviews Values(1040, 'EG981');
Insert into fall22_s001_5_userviews Values(1062, 'AA141');
Insert into fall22_s001_5_userviews Values(1062, 'RR140');
Insert into fall22_s001_5_userviews Values(1041, 'AA124');
Insert into fall22_s001_5_userviews Values(1053, 'NB124');
Insert into fall22_s001_5_userviews Values(1035, 'PM297');
Insert into fall22_s001_5_userviews Values(1045, 'JK786');
Insert into fall22_s001_5_userviews Values(1036, 'AA123');
Insert into fall22_s001_5_userviews Values(1055, 'AJ857');
Insert into fall22_s001_5_userviews Values(1021, 'LA684');
Insert into fall22_s001_5_userviews Values(1049, 'CD193');
Insert into fall22_s001_5_userviews Values(1059, 'PM297');
Insert into fall22_s001_5_userviews Values(1063, 'TR795');
Insert into fall22_s001_5_userviews Values(1022, 'PH882');
Insert into fall22_s001_5_userviews Values(1061, 'BV532');

-- LISTING TABLE
Insert into fall22_s001_5_listing Values(1011, 'AA124', 100.0);
Insert into fall22_s001_5_listing Values(1011, 'AA123', 120.0);
Insert into fall22_s001_5_listing Values(1013, 'AA131', 110.0);
Insert into fall22_s001_5_listing Values(1013, 'AA141', 105.0);
Insert into fall22_s001_5_listing Values(1011, 'BA400', 140.0);
Insert into fall22_s001_5_listing Values(1056, 'HB234', 144.0);
Insert into fall22_s001_5_listing Values(1031, 'TR795', 376.0);
Insert into fall22_s001_5_listing Values(1048, 'KO927', 192.0);
Insert into fall22_s001_5_listing Values(1014, 'AR914', 220.0);
Insert into fall22_s001_5_listing Values(1040, 'GG018', 280.0);
Insert into fall22_s001_5_listing Values(1012, 'AA123', 373.0);
Insert into fall22_s001_5_listing Values(1010, 'DA587', 472.0);
Insert into fall22_s001_5_listing Values(1064, 'RR140', 214.0);
Insert into fall22_s001_5_listing Values(1060, 'HJ672', 482.0);
Insert into fall22_s001_5_listing Values(1024, 'CD193', 283.0);
Insert into fall22_s001_5_listing Values(1015, 'FH972', 268.0);
Insert into fall22_s001_5_listing Values(1023, 'WV105', 151.0);
Insert into fall22_s001_5_listing Values(1010, 'TR795', 496.0);
Insert into fall22_s001_5_listing Values(1058, 'VB685', 306.0);
Insert into fall22_s001_5_listing Values(1029, 'FH972', 413.0);
Insert into fall22_s001_5_listing Values(1050, 'FH972', 340.0);
Insert into fall22_s001_5_listing Values(1050, 'PM297', 300.0);
Insert into fall22_s001_5_listing Values(1047, 'LK234', 322.0);
Insert into fall22_s001_5_listing Values(1032, 'AJ512', 327.0);
Insert into fall22_s001_5_listing Values(1032, 'AJ512', 396.0);
Insert into fall22_s001_5_listing Values(1039, 'PH882', 232.0);
Insert into fall22_s001_5_listing Values(1013, 'PH882', 146.0);
Insert into fall22_s001_5_listing Values(1030, 'PM297', 312.0);
Insert into fall22_s001_5_listing Values(1038, 'LK234', 460.0);
Insert into fall22_s001_5_listing Values(1013, 'KO927', 315.0);
Insert into fall22_s001_5_listing Values(1037, 'LK234', 419.0);
Insert into fall22_s001_5_listing Values(1042, 'FH972', 426.0);
Insert into fall22_s001_5_listing Values(1027, 'AA123', 238.0);
Insert into fall22_s001_5_listing Values(1013, 'CD193', 297.0);
Insert into fall22_s001_5_listing Values(1023, 'VB685', 165.0);
Insert into fall22_s001_5_listing Values(1012, 'GG018', 479.0);
Insert into fall22_s001_5_listing Values(1029, 'AA141', 106.0);
Insert into fall22_s001_5_listing Values(1064, 'AJ512', 414.0);
Insert into fall22_s001_5_listing Values(1043, 'FH972', 418.0);
Insert into fall22_s001_5_listing Values(1058, 'MB235', 481.0);
Insert into fall22_s001_5_listing Values(1017, 'MB235', 298.0);
Insert into fall22_s001_5_listing Values(1016, 'CD193', 110.0);
Insert into fall22_s001_5_listing Values(1061, 'GG018', 326.0);
Insert into fall22_s001_5_listing Values(1023, 'RR140', 306.0);
Insert into fall22_s001_5_listing Values(1043, 'NI121', 138.0);
Insert into fall22_s001_5_listing Values(1056, 'LK234', 357.0);
Insert into fall22_s001_5_listing Values(1026, 'QE214', 221.0);
Insert into fall22_s001_5_listing Values(1050, 'JK786', 297.0);
Insert into fall22_s001_5_listing Values(1022, 'AR914', 370.0);
Insert into fall22_s001_5_listing Values(1028, 'CD193', 447.0);
Insert into fall22_s001_5_listing Values(1015, 'HB234', 150.0);
Insert into fall22_s001_5_listing Values(1021, 'CD193', 100.0);
Insert into fall22_s001_5_listing Values(1012, 'AJ512', 450.0);
Insert into fall22_s001_5_listing Values(1039, 'GG018', 130.0);
Insert into fall22_s001_5_listing Values(1014, 'HB234', 256.0);
Insert into fall22_s001_5_listing Values(1025, 'AR914', 418.0);


-- ORDER PLACED TABLE
Insert into fall22_s001_5_orderplaced Values(1012, 2022);
Insert into fall22_s001_5_orderplaced Values(1012, 2024);
Insert into fall22_s001_5_orderplaced Values(1012, 2025);
Insert into fall22_s001_5_orderplaced Values(1014, 2026);
Insert into fall22_s001_5_orderplaced Values(1040, 2036);
Insert into fall22_s001_5_orderplaced Values(1061, 2056);
Insert into fall22_s001_5_orderplaced Values(1055, 2023);
Insert into fall22_s001_5_orderplaced Values(1048, 2021);
Insert into fall22_s001_5_orderplaced Values(1029, 2037);
Insert into fall22_s001_5_orderplaced Values(1040, 2032);
Insert into fall22_s001_5_orderplaced Values(1055, 2040);
Insert into fall22_s001_5_orderplaced Values(1025, 2068);
Insert into fall22_s001_5_orderplaced Values(1022, 2033);
Insert into fall22_s001_5_orderplaced Values(1043, 2033);
Insert into fall22_s001_5_orderplaced Values(1064, 2053);
Insert into fall22_s001_5_orderplaced Values(1045, 2031);
Insert into fall22_s001_5_orderplaced Values(1024, 2022);
Insert into fall22_s001_5_orderplaced Values(1027, 2039);
Insert into fall22_s001_5_orderplaced Values(1046, 2022);
Insert into fall22_s001_5_orderplaced Values(1023, 2052);
Insert into fall22_s001_5_orderplaced Values(1054, 2044);
Insert into fall22_s001_5_orderplaced Values(1030, 2026);
Insert into fall22_s001_5_orderplaced Values(1012, 2052);
Insert into fall22_s001_5_orderplaced Values(1053, 2023);
Insert into fall22_s001_5_orderplaced Values(1064, 2021);
Insert into fall22_s001_5_orderplaced Values(1050, 2057);
Insert into fall22_s001_5_orderplaced Values(1014, 2048);
Insert into fall22_s001_5_orderplaced Values(1028, 2031);
Insert into fall22_s001_5_orderplaced Values(1044, 2048);
Insert into fall22_s001_5_orderplaced Values(1041, 2057);
Insert into fall22_s001_5_orderplaced Values(1025, 2024);
Insert into fall22_s001_5_orderplaced Values(1031, 2054);
Insert into fall22_s001_5_orderplaced Values(1050, 2032);
Insert into fall22_s001_5_orderplaced Values(1039, 2022);
Insert into fall22_s001_5_orderplaced Values(1017, 2024);
Insert into fall22_s001_5_orderplaced Values(1036, 2048);
Insert into fall22_s001_5_orderplaced Values(1042, 2031);
Insert into fall22_s001_5_orderplaced Values(1026, 2022);
Insert into fall22_s001_5_orderplaced Values(1037, 2056);
Insert into fall22_s001_5_orderplaced Values(1029, 2048);
Insert into fall22_s001_5_orderplaced Values(1027, 2021);
Insert into fall22_s001_5_orderplaced Values(1053, 2036);
Insert into fall22_s001_5_orderplaced Values(1023, 2028);
Insert into fall22_s001_5_orderplaced Values(1024, 2065);

-- REVIEW ADD TABLE
Insert into fall22_s001_5_reviewadded Values(1010, 121);
Insert into fall22_s001_5_reviewadded Values(1012, 122);
Insert into fall22_s001_5_reviewadded Values(1012, 123);
Insert into fall22_s001_5_reviewadded Values(1014, 124);
Insert into fall22_s001_5_reviewadded Values(1014, 125);
Insert into fall22_s001_5_reviewadded Values(1014, 126);
Insert into fall22_s001_5_reviewadded Values(1013, 163);
Insert into fall22_s001_5_reviewadded Values(1027, 170);
Insert into fall22_s001_5_reviewadded Values(1032, 164);
Insert into fall22_s001_5_reviewadded Values(1043, 154);
Insert into fall22_s001_5_reviewadded Values(1028, 158);
Insert into fall22_s001_5_reviewadded Values(1043, 148);
Insert into fall22_s001_5_reviewadded Values(1036, 148);
Insert into fall22_s001_5_reviewadded Values(1029, 146);
Insert into fall22_s001_5_reviewadded Values(1047, 155);
Insert into fall22_s001_5_reviewadded Values(1049, 131);
Insert into fall22_s001_5_reviewadded Values(1031, 154);
Insert into fall22_s001_5_reviewadded Values(1045, 164);
Insert into fall22_s001_5_reviewadded Values(1053, 155);
Insert into fall22_s001_5_reviewadded Values(1017, 128);
Insert into fall22_s001_5_reviewadded Values(1035, 154);
Insert into fall22_s001_5_reviewadded Values(1018, 161);
Insert into fall22_s001_5_reviewadded Values(1016, 163);
Insert into fall22_s001_5_reviewadded Values(1026, 126);
Insert into fall22_s001_5_reviewadded Values(1050, 151);
Insert into fall22_s001_5_reviewadded Values(1045, 171);
Insert into fall22_s001_5_reviewadded Values(1020, 136);
Insert into fall22_s001_5_reviewadded Values(1052, 145);
Insert into fall22_s001_5_reviewadded Values(1063, 168);
Insert into fall22_s001_5_reviewadded Values(1013, 127);
Insert into fall22_s001_5_reviewadded Values(1011, 146);
Insert into fall22_s001_5_reviewadded Values(1042, 121);
Insert into fall22_s001_5_reviewadded Values(1062, 158);
Insert into fall22_s001_5_reviewadded Values(1049, 133);
Insert into fall22_s001_5_reviewadded Values(1020, 161);
Insert into fall22_s001_5_reviewadded Values(1052, 130);
Insert into fall22_s001_5_reviewadded Values(1048, 133);
Insert into fall22_s001_5_reviewadded Values(1019, 165);
Insert into fall22_s001_5_reviewadded Values(1058, 146);
Insert into fall22_s001_5_reviewadded Values(1056, 152);
Insert into fall22_s001_5_reviewadded Values(1050, 158);
Insert into fall22_s001_5_reviewadded Values(1031, 133);
Insert into fall22_s001_5_reviewadded Values(1014, 170);
Insert into fall22_s001_5_reviewadded Values(1057, 123);
Insert into fall22_s001_5_reviewadded Values(1011, 153);
Insert into fall22_s001_5_reviewadded Values(1063, 147);
Insert into fall22_s001_5_reviewadded Values(1025, 151);
Insert into fall22_s001_5_reviewadded Values(1036, 156);
Insert into fall22_s001_5_reviewadded Values(1031, 166);

-- STOCK ACCESS TABLE

Insert into fall22_s001_5_stockaccess Values('AA124', 'AA124');
Insert into fall22_s001_5_stockaccess Values('AA123', 'AA123');
Insert into fall22_s001_5_stockaccess Values('AA131', 'AA131');
Insert into fall22_s001_5_stockaccess Values('AA141', 'AA141');
Insert into fall22_s001_5_stockaccess Values('BA400', 'BA400');
Insert into fall22_s001_5_stockaccess Values('HB234', 'HB234');
Insert into fall22_s001_5_stockaccess Values('TR795', 'TR795');
Insert into fall22_s001_5_stockaccess Values('KO927', 'KO927');
Insert into fall22_s001_5_stockaccess Values('AR914', 'AR914');
Insert into fall22_s001_5_stockaccess Values('GG018', 'GG018');
Insert into fall22_s001_5_stockaccess Values('AA123', 'AA123');
Insert into fall22_s001_5_stockaccess Values('DA587', 'DA587');
Insert into fall22_s001_5_stockaccess Values('RR140', 'RR140');
Insert into fall22_s001_5_stockaccess Values('HJ672', 'HJ672');
Insert into fall22_s001_5_stockaccess Values('CD193', 'CD193');
Insert into fall22_s001_5_stockaccess Values('FH972', 'FH972');
Insert into fall22_s001_5_stockaccess Values('WV105', 'WV105');
Insert into fall22_s001_5_stockaccess Values('TR795', 'TR795');
Insert into fall22_s001_5_stockaccess Values('VB685', 'VB685');
Insert into fall22_s001_5_stockaccess Values('FH972', 'FH972');
Insert into fall22_s001_5_stockaccess Values('FH972', 'FH972');
Insert into fall22_s001_5_stockaccess Values('PM297', 'PM297');
Insert into fall22_s001_5_stockaccess Values('LK234', 'LK234');
Insert into fall22_s001_5_stockaccess Values('AJ512', 'AJ512');
Insert into fall22_s001_5_stockaccess Values('AJ512', 'AJ512');
Insert into fall22_s001_5_stockaccess Values('PH882', 'PH882');
Insert into fall22_s001_5_stockaccess Values('PH882', 'PH882');
Insert into fall22_s001_5_stockaccess Values('PM297', 'PM297');
Insert into fall22_s001_5_stockaccess Values('LK234', 'LK234');
Insert into fall22_s001_5_stockaccess Values('KO927', 'KO927');
Insert into fall22_s001_5_stockaccess Values('LK234', 'LK234');
Insert into fall22_s001_5_stockaccess Values('FH972', 'FH972');
Insert into fall22_s001_5_stockaccess Values('AA123', 'AA123');
Insert into fall22_s001_5_stockaccess Values('CD193', 'CD193');
Insert into fall22_s001_5_stockaccess Values('VB685', 'VB685');
Insert into fall22_s001_5_stockaccess Values('GG018', 'GG018');
Insert into fall22_s001_5_stockaccess Values('AA141', 'AA141');
Insert into fall22_s001_5_stockaccess Values('AJ512', 'AJ512');
Insert into fall22_s001_5_stockaccess Values('FH972', 'FH972');
Insert into fall22_s001_5_stockaccess Values('MB235', 'MB235');
Insert into fall22_s001_5_stockaccess Values('MB235', 'MB235');
Insert into fall22_s001_5_stockaccess Values('CD193', 'CD193');
Insert into fall22_s001_5_stockaccess Values('GG018', 'GG018');
Insert into fall22_s001_5_stockaccess Values('RR140', 'RR140');
Insert into fall22_s001_5_stockaccess Values('NI121', 'NI121');
Insert into fall22_s001_5_stockaccess Values('LK234', 'LK234');
Insert into fall22_s001_5_stockaccess Values('QE214', 'QE214');
Insert into fall22_s001_5_stockaccess Values('JK786', 'JK786');
Insert into fall22_s001_5_stockaccess Values('AR914', 'AR914');
Insert into fall22_s001_5_stockaccess Values('CD193', 'CD193');
Insert into fall22_s001_5_stockaccess Values('HB234', 'HB234');
Insert into fall22_s001_5_stockaccess Values('CD193', 'CD193');
Insert into fall22_s001_5_stockaccess Values('AJ512', 'AJ512');
Insert into fall22_s001_5_stockaccess Values('GG018', 'GG018');
Insert into fall22_s001_5_stockaccess Values('HB234', 'HB234');

-- ORDER UPDATE TABLE
Insert into fall22_s001_5_orderupdate Values(2021, 'AA124');
Insert into fall22_s001_5_orderupdate Values(2022, 'AA124');
Insert into fall22_s001_5_orderupdate Values(2023, 'AA131');
Insert into fall22_s001_5_orderupdate Values(2024, 'AA141');
Insert into fall22_s001_5_orderupdate Values(2025, 'AA131');
Insert into fall22_s001_5_orderupdate Values(2026, 'BA400');
Insert into fall22_s001_5_orderupdate Values(2027, 'TR795');
Insert into fall22_s001_5_orderupdate Values(2028, 'BA400');
Insert into fall22_s001_5_orderupdate Values(2029, 'AA131');
Insert into fall22_s001_5_orderupdate Values(2031, 'JK786');
Insert into fall22_s001_5_orderupdate Values(2032, 'AA123');
Insert into fall22_s001_5_orderupdate Values(2033, 'VB685');
Insert into fall22_s001_5_orderupdate Values(2035, 'PH882');
Insert into fall22_s001_5_orderupdate Values(2036, 'GG018');
Insert into fall22_s001_5_orderupdate Values(2037, 'CD193');
Insert into fall22_s001_5_orderupdate Values(2039, 'GG018');
Insert into fall22_s001_5_orderupdate Values(2040, 'NI121');
Insert into fall22_s001_5_orderupdate Values(2041, 'RR140');
Insert into fall22_s001_5_orderupdate Values(2044, 'VB685');
Insert into fall22_s001_5_orderupdate Values(2047, 'MB235');
Insert into fall22_s001_5_orderupdate Values(2048, 'BA400');
Insert into fall22_s001_5_orderupdate Values(2049, 'TR795');
Insert into fall22_s001_5_orderupdate Values(2051, 'AA131');
Insert into fall22_s001_5_orderupdate Values(2052, 'MB235');
Insert into fall22_s001_5_orderupdate Values(2053, 'PM297');
Insert into fall22_s001_5_orderupdate Values(2054, 'PM297');
Insert into fall22_s001_5_orderupdate Values(2055, 'AA131');
Insert into fall22_s001_5_orderupdate Values(2056, 'CD193');
Insert into fall22_s001_5_orderupdate Values(2057, 'NI121');
Insert into fall22_s001_5_orderupdate Values(2058, 'QE214');
Insert into fall22_s001_5_orderupdate Values(2060, 'PM297');
Insert into fall22_s001_5_orderupdate Values(2061, 'FH972');
Insert into fall22_s001_5_orderupdate Values(2065, 'HJ672');
Insert into fall22_s001_5_orderupdate Values(2066, 'MB235');
Insert into fall22_s001_5_orderupdate Values(2067, 'AA124');
Insert into fall22_s001_5_orderupdate Values(2068, 'HB234');
Insert into fall22_s001_5_orderupdate Values(2069, 'PM297');
Insert into fall22_s001_5_orderupdate Values(2072, 'AR914');
Insert into fall22_s001_5_orderupdate Values(2074, 'TR795');
Insert into fall22_s001_5_orderupdate Values(2075, 'AJ512');
Insert into fall22_s001_5_orderupdate Values(2076, 'LK234');
Insert into fall22_s001_5_orderupdate Values(2077, 'QE214');
